Rk,Player,Pos,Age,Tm,G,GS,MP,FG,FGA,FG%,3P,3PA,3P%,2P,2PA,2P%,eFG%,FT,FTA,FT%,ORB,DRB,TRB,AST,STL,BLK,TOV,PF,PTS,Season,MVP
1,Mahmoud Abdul-Rauf,PG,27,SAC,75,51,28.4,5.5,12.3,0.445,1.3,3.3,0.382,4.2,9,0.468,0.496,1.5,1.8,0.846,0.2,1.4,1.6,2.5,0.7,0.1,1.6,2.3,13.7,1996-97,FALSE
2,Shareef Abdur-Rahim,PF,20,VAN,80,71,35,6.9,15.2,0.453,0.1,0.3,0.259,6.8,14.8,0.457,0.456,4.8,6.5,0.746,2.7,4.2,6.9,2.2,1,1,2.8,2.5,18.7,1996-97,FALSE
3,Rafael Addison,SF,32,CHH,41,3,8.7,1.2,3,0.402,0.2,0.5,0.4,1,2.5,0.402,0.434,0.5,0.7,0.786,0.5,0.6,1.1,0.8,0.2,0.1,0.4,1.3,3.1,1996-97,FALSE
4,Cory Alexander,PG,23,SAS,80,6,18.2,2.4,6.1,0.396,1.2,3.2,0.373,1.3,3,0.42,0.492,1.2,1.6,0.736,0.4,1.2,1.5,3.2,1,0.2,1.8,1.9,7.2,1996-97,FALSE
5,Jerome Allen,SG,24,TOT,76,1,12.4,1,2.9,0.353,0.4,1.2,0.323,0.6,1.7,0.375,0.421,0.6,0.9,0.583,0.3,1,1.3,2,0.4,0.1,0.9,1.1,3,1996-97,FALSE
5,Jerome Allen,SG,24,IND,51,1,13.6,1.1,2.9,0.388,0.5,1.2,0.39,0.7,1.7,0.386,0.466,0.5,0.9,0.574,0.3,1,1.3,2.1,0.5,0,1.1,1.3,3.2,1996-97,FALSE
5,Jerome Allen,SG,24,DEN,25,0,10,0.8,3,0.284,0.3,1.4,0.206,0.6,1.6,0.35,0.331,0.6,1,0.6,0.5,0.8,1.3,1.7,0.2,0.2,0.5,0.7,2.6,1996-97,FALSE
6,Ray Allen*,SG,21,MIL,82,81,30.9,4.8,11.1,0.43,1.4,3.6,0.393,3.3,7.4,0.448,0.494,2.5,3,0.823,1.2,2.8,4,2.6,0.9,0.1,1.8,2.7,13.4,1996-97,FALSE
7,Derrick Alston,C,24,ATL,2,0,5.5,0,2.5,0,0,0,,0,2.5,0,0,0,1,0,1.5,0.5,2,0,0,0,0,0,0,1996-97,FALSE
8,Ashraf Amaya,PF,25,WSB,31,0,4.6,0.4,1.3,0.3,0,0,1,0.4,1.3,0.282,0.313,0.5,0.9,0.536,0.6,1.1,1.7,0.1,0.2,0.1,0.3,0.9,1.3,1996-97,FALSE
9,Greg Anderson,C,32,SAS,82,48,20.2,1.6,3.2,0.496,0,0,0,1.6,3.2,0.498,0.496,0.8,1.1,0.667,1.9,3.5,5.5,0.4,0.8,0.8,0.9,2.7,3.9,1996-97,FALSE
10,Kenny Anderson,PG,26,POR,82,81,37.6,5.9,13.9,0.427,1.6,4.5,0.361,4.3,9.4,0.458,0.485,4.1,5.3,0.768,1.1,3.3,4.4,7.1,2,0.2,2.4,2.7,17.5,1996-97,FALSE
11,Nick Anderson,SG,29,ORL,63,61,34.3,4.6,11.5,0.397,2.3,6.4,0.353,2.3,5.1,0.453,0.496,0.6,1.5,0.404,1,3.8,4.8,2.9,1.9,0.5,1.4,2.5,12,1996-97,FALSE
12,Shandon Anderson,SG,23,UTA,65,0,16.4,2.3,4.9,0.462,0.4,0.7,0.511,1.9,4.2,0.454,0.5,1,1.5,0.687,0.8,2,2.8,0.8,0.4,0.1,1.1,1.7,5.9,1996-97,FALSE
13,Willie Anderson,SG,30,MIA,28,1,10.8,1,2.3,0.453,0.3,0.7,0.421,0.8,1.6,0.467,0.516,0.6,0.7,0.85,0.5,1,1.5,1.2,0.5,0.1,0.7,1.3,3,1996-97,FALSE
14,Greg Anthony,PG,29,VAN,65,44,28.7,3.1,7.8,0.393,1.4,3.7,0.37,1.7,4.1,0.413,0.479,2,2.7,0.73,0.4,2.4,2.8,6.3,2,0.1,2,1.9,9.5,1996-97,FALSE
15,B.J. Armstrong,PG,29,GSW,49,17,20.8,3,6.7,0.453,0.5,1.8,0.278,2.5,4.8,0.519,0.491,1.4,1.6,0.861,0.1,1.4,1.5,2.6,0.5,0,1.1,1.1,7.9,1996-97,FALSE
16,Darrell Armstrong,PG,28,ORL,67,0,15.1,2,5.1,0.383,0.8,2.7,0.304,1.1,2.4,0.47,0.462,1.4,1.6,0.868,0.5,0.6,1.1,2.6,0.9,0.1,1.5,1.7,6.1,1996-97,FALSE
17,Vincent Askew,SG,30,TOT,43,0,19.5,1.9,4.3,0.435,0.2,0.6,0.292,1.7,3.8,0.457,0.454,1.6,2,0.795,0.6,1.7,2.3,2.1,0.4,0.1,1.1,2.9,5.6,1996-97,FALSE
17,Vincent Askew,SG,30,NJN,1,0,7,0,0,,0,0,,0,0,,,0,0,,0,0,0,0,0,0,0,1,0,1996-97,FALSE
17,Vincent Askew,SG,30,IND,41,0,20,1.9,4.5,0.432,0.2,0.6,0.292,1.8,3.9,0.453,0.451,1.7,2.1,0.791,0.6,1.8,2.4,2.2,0.4,0.1,1,3,5.7,1996-97,FALSE
17,Vincent Askew,SG,30,DEN,1,0,9,2,3,0.667,0,0,,2,3,0.667,0.667,2,2,1,0,0,0,0,0,0,4,0,6,1996-97,FALSE
18,Keith Askins,SF,29,MIA,78,30,22.7,1.8,4.1,0.433,0.9,2.2,0.401,0.9,1.9,0.469,0.541,0.5,0.7,0.672,1.1,2.4,3.5,1,0.7,0.2,0.8,2.5,4.9,1996-97,FALSE
19,Stacey Augmon,SG,28,TOT,60,10,15.7,1.8,3.7,0.477,0,0,,1.8,3.7,0.477,0.477,1.2,1.6,0.711,0.8,1.5,2.3,0.9,0.7,0.3,1.1,1.5,4.7,1996-97,FALSE
19,Stacey Augmon,SG,28,DET,20,3,14.6,1.6,3.9,0.403,0,0,,1.6,3.9,0.403,0.403,1.4,2.1,0.683,0.7,1.8,2.5,0.8,0.5,0.5,1.4,1.5,4.5,1996-97,FALSE
19,Stacey Augmon,SG,28,POR,40,7,16.3,1.9,3.6,0.517,0,0,,1.9,3.6,0.517,0.517,1,1.4,0.732,0.8,1.4,2.2,1,0.8,0.2,0.9,1.5,4.7,1996-97,FALSE
20,Isaac Austin,C,27,MIA,82,17,22.9,3.9,7.8,0.502,0,0,0,3.9,7.8,0.505,0.502,1.8,2.8,0.664,1.7,4.2,5.8,1.2,0.5,0.5,2,3,9.7,1996-97,FALSE
21,Vin Baker,PF,25,MIL,78,78,40.5,8.1,16,0.505,0.2,0.7,0.278,7.9,15.3,0.515,0.511,4.6,6.7,0.687,3.4,6.9,10.3,2.7,1,1.4,3.1,3.5,21,1996-97,FALSE
22,Charles Barkley*,PF,33,HOU,53,53,37.9,6.3,13.1,0.484,1.1,3.9,0.283,5.2,9.2,0.569,0.526,5.4,7.8,0.694,4,9.5,13.5,4.7,1.3,0.5,2.8,2.9,19.2,1996-97,FALSE
23,Dana Barros,PG,29,BOS,24,8,29.5,4.6,10.5,0.435,1.8,4.4,0.41,2.8,6.2,0.453,0.52,1.5,1.8,0.86,0.2,1.8,2,3.4,1.1,0.3,1.6,1.4,12.5,1996-97,FALSE
24,Brent Barry,SG,25,LAC,59,0,18.5,2.6,6.4,0.409,0.9,2.9,0.324,1.7,3.5,0.481,0.483,1.3,1.6,0.817,0.5,1.4,1.9,2.6,0.9,0.3,1.3,1.5,7.5,1996-97,FALSE
25,Jon Barry,SG,27,ATL,58,8,16.6,1.7,4.2,0.407,0.8,2.1,0.387,0.9,2.1,0.426,0.504,0.6,0.8,0.804,0.4,1.3,1.7,2,0.9,0.1,1,1,4.9,1996-97,FALSE
26,Benoit Benjamin,C,32,TOR,4,3,11,1.3,3,0.417,0,0,,1.3,3,0.417,0.417,0.8,1,0.75,0.8,1.5,2.3,0.3,0.3,0,0.5,1.3,3.3,1996-97,FALSE
27,Elmer Bennett,PG,26,TOT,9,0,8.3,0.7,2.1,0.316,0.3,1,0.333,0.3,1.1,0.3,0.395,0.8,1.1,0.7,0,0.4,0.4,1.2,0.4,0,1.1,0.8,2.4,1996-97,FALSE
27,Elmer Bennett,PG,26,HOU,4,0,4,0.5,1.5,0.333,0.3,0.8,0.333,0.3,0.8,0.333,0.417,1.3,1.5,0.833,0,0.3,0.3,1,0.5,0,0,0.3,2.5,1996-97,FALSE
27,Elmer Bennett,PG,26,DEN,5,0,11.8,0.8,2.6,0.308,0.4,1.2,0.333,0.4,1.4,0.286,0.385,0.4,0.8,0.5,0,0.6,0.6,1.4,0.4,0,2,1.2,2.4,1996-97,FALSE
28,Travis Best,PG,24,IND,76,46,27.2,3.6,8.2,0.442,0.8,2,0.368,2.9,6.1,0.467,0.488,2,2.6,0.756,0.5,1.7,2.2,4.2,1.3,0.1,2,2.9,9.9,1996-97,FALSE
29,Mookie Blaylock,PG,29,ATL,78,78,39.2,6.4,14.9,0.432,2.8,7.7,0.366,3.6,7.1,0.505,0.528,1.7,2.2,0.753,1.5,3.8,5.3,5.9,2.7,0.3,2.4,1.8,17.4,1996-97,FALSE
30,Corie Blount,PF,28,LAL,58,18,17.4,1.6,3.1,0.514,0,0.1,0.333,1.6,3,0.517,0.517,1,1.4,0.675,1.9,2.8,4.8,0.6,0.4,0.4,0.9,2.1,4.2,1996-97,FALSE
31,Muggsy Bogues,PG,32,CHH,65,65,28.9,3.1,6.8,0.46,0.9,2.2,0.417,2.2,4.6,0.482,0.528,0.8,1,0.844,0.4,1.8,2.2,7.2,1.3,0,1.7,1.8,8,1996-97,FALSE
32,Dexter Boney,SG,26,PHO,8,0,6,0.8,2.4,0.316,0.1,0.8,0.167,0.6,1.6,0.385,0.342,0.8,1,0.75,0.4,0.4,0.8,0,0.3,0.1,0.1,0.4,2.4,1996-97,FALSE
33,Melvin Booker,PG,24,TOT,21,4,20.5,2.2,5,0.438,0.6,1.8,0.324,1.6,3.2,0.5,0.495,0.9,1,0.9,0.3,1,1.4,2.5,0.1,0.1,1.3,1.3,5.8,1996-97,FALSE
33,Melvin Booker,PG,24,DEN,5,0,4.2,0.4,0.8,0.5,0.2,0.4,0.5,0.2,0.4,0.5,0.625,0,0,,0,0.2,0.2,0.6,0,0,1.4,0,1,1996-97,FALSE
33,Melvin Booker,PG,24,GSW,16,4,25.6,2.8,6.3,0.436,0.7,2.2,0.314,2.1,4.1,0.5,0.49,1.1,1.3,0.9,0.4,1.3,1.8,3.1,0.2,0.1,1.3,1.8,7.3,1996-97,FALSE
34,Bruce Bowen,SF,25,MIA,1,0,1,0,0,,0,0,,0,0,,,0,0,,0,0,0,0,0,1,0,0,0,1996-97,FALSE
35,Donnie Boyce,SG,23,ATL,22,2,7,1,2.9,0.333,0.1,0.7,0.125,0.9,2.1,0.404,0.349,0.5,1,0.5,0.3,0.4,0.7,0.6,0.5,0.2,0.7,0.8,2.5,1996-97,FALSE
36,Shawn Bradley,C,24,TOT,73,70,31.3,5.6,12.4,0.449,0,0.1,0,5.6,12.3,0.453,0.449,2,3.1,0.654,3,5.3,8.4,0.7,0.5,3.4,1.8,3.2,13.2,1996-97,FALSE
36,Shawn Bradley,C,24,NJN,40,38,30.7,5,11.4,0.436,0,0.1,0,5,11.3,0.441,0.436,2,3.1,0.664,3,5.2,8.1,0.5,0.6,4,1.6,3.1,12,1996-97,FALSE
36,Shawn Bradley,C,24,DAL,33,32,32.1,6.3,13.6,0.461,0,0.1,0,6.3,13.5,0.464,0.461,2.1,3.2,0.642,3.1,5.5,8.7,1,0.5,2.7,2.1,3.5,14.6,1996-97,FALSE
37,Mark Bradtke,C,28,PHI,36,0,7,0.7,1.6,0.431,0,0,,0.7,1.6,0.431,0.431,0.3,0.4,0.692,0.7,1.2,1.9,0.2,0.1,0.1,0.3,0.9,1.6,1996-97,FALSE
38,Terrell Brandon,PG,26,CLE,78,78,36.8,7.4,16.8,0.438,1.3,3.5,0.373,6.1,13.4,0.455,0.476,3.4,3.8,0.902,0.6,3.2,3.9,6.3,1.8,0.4,2.3,2.3,19.5,1996-97,FALSE
39,Frank Brickowski,PF,37,BOS,17,2,15,1.9,4.3,0.438,0.4,1.2,0.35,1.5,3.1,0.472,0.486,0.6,0.8,0.714,0.4,1.6,2,0.9,0.3,0.2,1.1,2.5,4.8,1996-97,FALSE
40,Scott Brooks,PG,31,NYK,38,0,6.6,0.5,1,0.487,0.1,0.3,0.417,0.4,0.7,0.519,0.551,0.4,0.4,0.933,0.2,0.3,0.5,0.8,0.6,0,0.4,0.9,1.5,1996-97,FALSE
41,Chucky Brown,SF,28,TOT,70,1,10.8,1.1,2.2,0.506,0,0.1,0.167,1.1,2.1,0.52,0.51,0.7,1,0.671,0.6,1.5,2.1,0.4,0.1,0.3,0.3,1.4,2.9,1996-97,FALSE
41,Chucky Brown,SF,28,PHO,10,0,8.3,1.3,2.6,0.5,0,0,,1.3,2.6,0.5,0.5,0.8,1.1,0.727,0.3,1.3,1.6,0.4,0,0.2,0.4,1.4,3.4,1996-97,FALSE
41,Chucky Brown,SF,28,MIL,60,1,11.2,1.1,2.1,0.508,0,0.1,0.167,1.1,2,0.525,0.512,0.7,1,0.661,0.6,1.6,2.2,0.4,0.2,0.3,0.3,1.4,2.8,1996-97,FALSE
42,Dee Brown,PG,28,BOS,21,2,24.9,2.9,7.9,0.367,1,3.1,0.308,2,4.8,0.406,0.428,0.9,1,0.818,0.4,1.9,2.3,3.2,1.5,0.3,1.1,2.1,7.6,1996-97,FALSE
43,Marcus Brown,PG,22,POR,21,0,8.8,1.3,3.3,0.4,0.6,1.5,0.406,0.7,1.8,0.395,0.493,0.6,0.9,0.684,0.2,0.5,0.7,1,0.4,0.1,0.6,1.2,3.9,1996-97,FALSE
44,Mike Brown,C,33,PHO,6,1,13.8,0.8,2,0.417,0,0,,0.8,2,0.417,0.417,1,1.7,0.6,1.5,2.7,4.2,0.8,0.2,0.2,0.3,1.5,2.7,1996-97,FALSE
45,P.J. Brown,PF,27,MIA,80,71,32.4,3.8,8.2,0.457,0,0,0,3.8,8.2,0.459,0.457,2,2.8,0.732,3,5.4,8.4,1.2,1.1,1.2,1.4,3.5,9.5,1996-97,FALSE
46,Randy Brown,PG,28,CHI,72,3,14.7,1.9,4.6,0.42,0.1,0.3,0.182,1.9,4.3,0.437,0.426,0.8,1.2,0.679,0.5,1.1,1.5,1.8,1.1,0.2,0.8,1.6,4.7,1996-97,FALSE
47,Kobe Bryant*,SF,18,LAL,71,6,15.5,2.5,5.9,0.417,0.7,1.9,0.375,1.8,4,0.437,0.477,1.9,2.3,0.819,0.7,1.2,1.9,1.3,0.7,0.3,1.6,1.4,7.6,1996-97,FALSE
48,Mark Bryant,PF,31,PHO,41,18,24.8,3.7,6.7,0.553,0,0,,3.7,6.7,0.553,0.553,1.9,2.6,0.704,1.6,3.5,5.2,1.1,0.5,0.1,1.1,3.3,9.3,1996-97,FALSE
49,Jud Buechler,SF,28,CHI,76,0,9.3,0.8,2.1,0.367,0.2,0.7,0.333,0.5,1.4,0.385,0.424,0.1,0.2,0.357,0.6,1.1,1.7,0.8,0.3,0.3,0.4,0.7,1.8,1996-97,FALSE
50,Matt Bullard,PF,29,HOU,71,12,14.4,1.6,4,0.401,0.9,2.6,0.366,0.7,1.4,0.465,0.519,0.4,0.5,0.735,0.2,1.5,1.6,0.9,0.3,0.3,0.5,1,4.5,1996-97,FALSE
51,Scott Burrell,SF,26,TOT,57,2,16.5,1.7,4.8,0.362,0.7,2,0.353,1,2.7,0.368,0.437,1,1.3,0.75,0.9,1.9,2.8,1.3,0.5,0.3,0.9,2.1,5.2,1996-97,FALSE
51,Scott Burrell,SF,26,CHH,28,2,17.2,1.6,4.7,0.344,0.7,2,0.345,0.9,2.7,0.342,0.416,1.5,1.9,0.792,0.9,2,2.8,1.4,0.5,0.4,0.9,2.1,5.4,1996-97,FALSE
51,Scott Burrell,SF,26,GSW,29,0,15.8,1.8,4.8,0.379,0.8,2.1,0.361,1.1,2.7,0.392,0.457,0.5,0.8,0.652,0.9,1.9,2.7,1.2,0.5,0.3,1,2.1,4.9,1996-97,FALSE
52,Willie Burton,SF,28,ATL,24,2,15.8,1.6,4.8,0.336,0.5,1.9,0.283,1.1,2.9,0.371,0.392,2.4,2.8,0.838,0.5,1.3,1.7,0.5,0.3,0.1,1.1,2.3,6.2,1996-97,FALSE
53,Mitchell Butler,SG,26,POR,49,1,9.5,1.1,2.6,0.416,0.2,0.8,0.308,0.8,1.8,0.465,0.464,0.7,1,0.64,0.4,0.7,1.1,0.6,0.3,0,0.6,1.1,3,1996-97,FALSE
54,Jason Caffey,PF,23,CHI,75,19,18.7,2.7,5.1,0.532,0,0,0,2.7,5.1,0.534,0.532,1.9,2.8,0.659,1.8,2.2,4,1.2,0.3,0.1,1.3,2,7.3,1996-97,FALSE
55,Michael Cage,C,35,PHI,82,24,15.2,0.8,1.7,0.468,0,0,,0.8,1.7,0.468,0.468,0.2,0.5,0.463,1.4,2.5,3.9,0.5,0.6,0.5,0.2,1.4,1.8,1996-97,FALSE
56,Adrian Caldwell,PF,30,TOT,45,0,12.6,0.9,2,0.435,0,0,0,0.9,2,0.444,0.435,0.5,1.1,0.42,1.3,2.4,3.7,0.3,0.4,0.2,0.6,1.9,2.2,1996-97,FALSE
56,Adrian Caldwell,PF,30,NJN,18,0,11.3,0.6,1.9,0.286,0,0.1,0,0.6,1.8,0.303,0.286,0.5,0.9,0.529,1.1,2,3.1,0.3,0.4,0.1,0.7,1.5,1.6,1996-97,FALSE
56,Adrian Caldwell,PF,30,PHI,27,0,13.5,1.1,2.1,0.526,0,0,,1.1,2.1,0.526,0.526,0.4,1.2,0.364,1.4,2.7,4.1,0.3,0.3,0.3,0.6,2.2,2.7,1996-97,FALSE
57,Marcus Camby,C,22,TOR,63,38,30.1,6,12.3,0.482,0,0.2,0.143,5.9,12.1,0.488,0.483,2.9,4.2,0.693,2.1,4.2,6.3,1.5,1,2.1,2.1,3.4,14.8,1996-97,FALSE
58,Elden Campbell,PF,28,LAL,77,77,32.7,5.7,12.2,0.469,0,0.1,0.25,5.7,12.2,0.47,0.47,3.4,4.8,0.711,2.7,5.3,8,1.6,0.6,1.5,1.7,3.6,14.9,1996-97,FALSE
59,Antoine Carr,PF,35,UTA,82,0,17.8,3.1,6.4,0.483,0,0,0,3.1,6.3,0.486,0.483,1.2,1.5,0.78,0.7,1.6,2.4,0.9,0.3,0.8,0.9,2.6,7.4,1996-97,FALSE
60,Chris Carr,SG,22,MIN,55,10,15.1,2.3,4.9,0.461,0.6,1.6,0.352,1.7,3.3,0.514,0.518,1,1.3,0.767,0.6,1.5,2.1,0.9,0.4,0.2,0.7,1.7,6.1,1996-97,FALSE
61,Jimmy Carruth,PF,27,MIL,4,0,5.3,0.5,0.8,0.667,0,0,,0.5,0.8,0.667,0.667,0.3,0.3,1,0,1,1,0,0,0.5,0.3,1,1.3,1996-97,FALSE
62,Sam Cassell,PG,27,TOT,61,44,28.1,5.5,12.8,0.43,1.3,3.8,0.351,4.2,9,0.464,0.482,3.5,4.1,0.845,0.8,2.2,3,5,1.3,0.3,2.8,3.3,15.9,1996-97,FALSE
62,Sam Cassell,PG,27,PHO,22,9,24.5,4.5,11,0.415,0.9,2.8,0.306,3.7,8.1,0.453,0.454,4.8,5.6,0.855,0.5,1.7,2.3,4.5,1,0.3,2.7,3,14.8,1996-97,FALSE
62,Sam Cassell,PG,27,DAL,16,13,24.9,4.4,10.3,0.424,0.9,3.1,0.306,3.4,7.3,0.474,0.47,2.6,3.1,0.84,0.9,2.3,3.1,3.6,1.1,0.4,2.6,3,12.3,1996-97,FALSE
62,Sam Cassell,PG,27,NJN,23,22,33.8,7.3,16.4,0.443,2,5.2,0.392,5.2,11.2,0.467,0.505,2.8,3.3,0.831,0.9,2.7,3.6,6.5,1.6,0.3,2.9,3.7,19.3,1996-97,FALSE
63,Duane Causwell,C,28,SAC,46,8,12.6,1,2,0.511,0,0.1,0.667,1,2,0.505,0.521,0.4,0.8,0.541,1.2,1.5,2.8,0.4,0.3,0.8,0.7,2.8,2.6,1996-97,FALSE
64,Cedric Ceballos,SF,27,TOT,50,40,28.5,5.6,12.3,0.457,0.5,2,0.255,5.1,10.3,0.497,0.478,2.8,3.7,0.747,2,4.6,6.6,1.3,0.7,0.5,1.7,2.3,14.6,1996-97,FALSE
64,Cedric Ceballos,SF,27,LAL,8,8,34.9,4.3,10.4,0.41,0.6,2.6,0.238,3.6,7.8,0.468,0.44,1.6,1.9,0.867,1.4,5.3,6.6,1.9,0.6,0.8,2.1,2.4,10.8,1996-97,FALSE
64,Cedric Ceballos,SF,27,PHO,42,32,27.3,5.9,12.7,0.464,0.5,1.9,0.259,5.4,10.8,0.501,0.484,3,4.1,0.737,2.2,4.4,6.6,1.2,0.7,0.4,1.6,2.2,15.3,1996-97,FALSE
65,Tom Chambers,PF,37,CHH,12,5,6.9,0.6,2.6,0.226,0.2,0.3,0.667,0.4,2.3,0.179,0.258,0.3,0.3,0.75,0.3,0.9,1.2,0.3,0.1,0,0.8,1.2,1.6,1996-97,FALSE
66,Rex Chapman,SG,29,PHO,65,33,28.2,5.1,11.5,0.443,1.7,4.8,0.35,3.4,6.7,0.51,0.517,1.9,2.3,0.832,0.4,2.4,2.8,2.8,0.8,0.1,1.5,1.7,13.8,1996-97,FALSE
67,Calbert Cheaney,SG,25,WSB,79,79,30.5,4.7,9.2,0.505,0.1,0.4,0.133,4.6,8.9,0.521,0.508,1.2,1.7,0.693,0.9,2.5,3.4,1.4,1,0.2,1.2,2.9,10.6,1996-97,FALSE
68,Pete Chilcutt,PF,28,VAN,54,1,12.3,1.3,3.1,0.436,0.5,1.3,0.362,0.9,1.8,0.49,0.512,0.2,0.4,0.591,1.2,1.6,2.9,0.9,0.5,0.3,0.5,1,3.4,1996-97,FALSE
69,Randolph Childress,PG,24,TOT,23,0,6.7,0.6,1.7,0.35,0.2,0.8,0.263,0.4,0.9,0.429,0.413,0.3,0.3,0.75,0,0.2,0.3,0.7,0.4,0,0.8,0.7,1.7,1996-97,FALSE
69,Randolph Childress,PG,24,POR,19,0,6.6,0.5,1.6,0.333,0.2,0.8,0.188,0.4,0.7,0.5,0.383,0.3,0.4,0.75,0.1,0.2,0.3,0.8,0.4,0,0.7,0.6,1.5,1996-97,FALSE
69,Randolph Childress,PG,24,DET,4,0,7.5,1,2.5,0.4,0.5,0.8,0.667,0.5,1.8,0.286,0.5,0,0,,0,0.3,0.3,0.5,0.5,0,1.3,1.3,2.5,1996-97,FALSE
70,Chris Childs,PG,29,NYK,65,61,31.9,3.2,7.8,0.414,1.1,2.8,0.387,2.2,5.1,0.429,0.482,1.7,2.3,0.758,0.3,2.6,2.9,6.1,1.2,0.2,2.8,3.3,9.3,1996-97,FALSE
71,Doug Christie,SG,26,TOR,81,81,38.6,4.9,11.7,0.417,1.8,4.7,0.384,3.1,7,0.44,0.495,2.9,3.8,0.775,1,4.3,5.3,3.9,2.5,0.6,2.5,3,14.5,1996-97,FALSE
72,Derrick Coleman,PF,29,PHI,57,54,36.9,6.4,14.7,0.435,0.6,2.1,0.269,5.8,12.6,0.463,0.455,4.8,6.4,0.745,2.8,7.3,10.1,3.4,0.9,1.3,3.2,2.9,18.1,1996-97,FALSE
73,Bimbo Coles,PG,28,GSW,51,13,23.2,2.4,6.2,0.389,0.6,2,0.294,1.8,4.2,0.434,0.436,0.7,1,0.755,0.8,1.5,2.3,2.9,0.7,0.1,1.2,1.9,6.1,1996-97,FALSE
74,Marty Conlon,C,29,BOS,74,15,21.8,2.9,6.1,0.471,0,0.1,0.2,2.9,6,0.477,0.474,1.9,2.3,0.842,1.7,2.6,4.4,1.4,0.6,0.2,1.5,2.1,7.8,1996-97,FALSE
75,Tyrone Corbin,SF,34,ATL,70,65,32.9,3.6,8.6,0.422,1.1,3,0.356,2.6,5.6,0.457,0.483,1.2,1.5,0.796,1.1,3.1,4.2,1.8,1.3,0.1,1.2,2.5,9.5,1996-97,FALSE
76,Joe Courtney,PF,27,TOT,9,0,11.1,1.2,3.3,0.367,0,0,,1.2,3.3,0.367,0.367,0.3,0.6,0.6,1,0.8,1.8,0,0,0,0.3,1.6,2.8,1996-97,FALSE
76,Joe Courtney,PF,27,PHI,4,0,13,1.5,3.5,0.429,0,0,,1.5,3.5,0.429,0.429,0,0,,1.3,1,2.3,0,0,0,0.3,2,3,1996-97,FALSE
76,Joe Courtney,PF,27,SAS,5,0,9.6,1,3.2,0.313,0,0,,1,3.2,0.313,0.313,0.6,1,0.6,0.8,0.6,1.4,0,0,0,0.4,1.2,2.6,1996-97,FALSE
77,John Crotty,PG,27,MIA,48,0,13.7,1.6,3.2,0.513,0.4,1,0.408,1.2,2.2,0.562,0.578,1.1,1.3,0.844,0.3,0.7,1,2.1,0.4,0,0.9,1.6,4.8,1996-97,FALSE
78,Terry Cummings,PF,35,SEA,45,3,18.4,3.4,7.1,0.486,0.1,0.1,0.6,3.4,7,0.484,0.491,1.3,1.8,0.695,1.6,2.5,4.1,0.9,0.7,0.2,1,2.5,8.2,1996-97,FALSE
79,Earl Cureton,PF,39,TOR,9,0,5.1,0.3,0.9,0.375,0,0,,0.3,0.9,0.375,0.375,0.1,0.3,0.333,0.4,0.6,1,0.4,0,0,0.1,1.1,0.8,1996-97,FALSE
80,Dell Curry,SG,32,CHH,68,20,30.6,5.6,12.3,0.459,1.9,4.4,0.426,3.8,7.9,0.478,0.535,1.7,2.1,0.803,0.6,2.5,3.1,1.7,0.9,0.2,1.4,2.2,14.8,1996-97,FALSE
81,Michael Curry,SG,28,DET,81,2,15,1.2,2.7,0.448,0.3,1,0.299,0.9,1.8,0.528,0.5,1.2,1.3,0.898,0.3,1.2,1.5,0.5,0.4,0.1,0.3,1.6,3.9,1996-97,FALSE
82,Erick Dampier,C,21,IND,72,21,14.6,1.8,4.7,0.39,0,0,1,1.8,4.7,0.388,0.391,1.5,2.3,0.637,1.3,2.8,4.1,0.6,0.3,1,1.2,2.1,5.1,1996-97,FALSE
83,Lloyd Daniels,SG,29,TOT,22,0,14.1,1.6,5.4,0.303,1,3.2,0.3,0.7,2.2,0.306,0.391,0.2,0.3,0.833,0.9,1.1,2,1.2,0.5,0.1,0.6,1.5,4.5,1996-97,FALSE
83,Lloyd Daniels,SG,29,SAC,5,0,5.6,0.4,3.2,0.125,0.4,2.2,0.182,0,1,0,0.188,0,0,,0.2,0.6,0.8,0.2,0.2,0,0.6,0.8,1.2,1996-97,FALSE
83,Lloyd Daniels,SG,29,NJN,17,0,16.6,2,6.1,0.33,1.1,3.5,0.322,0.9,2.6,0.341,0.422,0.3,0.4,0.833,1.1,1.2,2.3,1.5,0.5,0.2,0.6,1.7,5.4,1996-97,FALSE
84,Sasha Danilovi?,SG,26,TOT,56,42,31.9,4.4,10.2,0.435,1.5,4.2,0.36,2.9,6,0.488,0.51,2.2,2.7,0.801,0.5,1.9,2.4,1.8,1,0.2,2.1,2.9,12.5,1996-97,FALSE
84,Sasha Danilovi?,SG,26,MIA,43,33,31.4,4.1,9.2,0.442,1.5,4.1,0.358,2.6,5.1,0.509,0.521,1.7,2.2,0.777,0.5,1.9,2.4,1.8,0.9,0.2,2.2,2.9,11.3,1996-97,FALSE
84,Sasha Danilovi?,SG,26,DAL,13,9,33.7,5.6,13.4,0.42,1.7,4.6,0.367,3.9,8.8,0.447,0.483,3.7,4.4,0.842,0.6,2,2.6,1.9,1.2,0.1,1.7,2.8,16.6,1996-97,FALSE
85,Yinka Dare,C,24,NJN,41,2,7.6,0.5,1.3,0.352,0,0,,0.5,1.3,0.352,0.352,0.5,0.9,0.514,0.9,1.1,2,0.1,0.1,0.7,0.5,1.2,1.4,1996-97,FALSE
86,Antonio Davis,PF,28,IND,82,28,28.5,3.8,7.8,0.48,0,0.2,0.071,3.7,7.6,0.49,0.481,2.9,4.4,0.666,2.3,5,7.3,0.8,0.5,1,1.7,3.2,10.5,1996-97,FALSE
87,Ben Davis,PF,24,PHO,20,0,4.9,0.5,1.3,0.385,0,0,,0.5,1.3,0.385,0.385,0.5,1,0.45,0.6,0.8,1.4,0,0.2,0.1,0.2,0.8,1.5,1996-97,FALSE
88,Dale Davis,PF,27,IND,80,76,32.4,4.6,8.6,0.538,0,0,,4.6,8.6,0.538,0.538,1.2,2.7,0.428,3.8,5.9,9.7,0.7,0.8,1,1.4,2.9,10.4,1996-97,FALSE
89,Emanual Davis,PG,28,HOU,13,0,17.7,1.8,4.2,0.444,0.9,2.1,0.444,0.9,2.1,0.444,0.556,0.4,0.6,0.625,0.2,1.5,1.7,2,0.7,0.2,1.3,1.5,5,1996-97,FALSE
90,Hubert Davis,SG,26,TOR,36,0,17.3,2.1,5.1,0.402,0.4,1.9,0.229,1.6,3.2,0.509,0.446,0.5,0.6,0.739,0.3,0.8,1.1,0.9,0.3,0.1,0.6,1.1,5,1996-97,FALSE
91,Mark Davis,SF,23,PHI,75,17,22.7,3.3,7.1,0.469,0.3,1.2,0.258,3,5.9,0.514,0.492,1.5,2.2,0.673,1.8,2.5,4.3,1.8,1.1,0.4,1.6,3.1,8.5,1996-97,FALSE
92,Todd Day,SG,27,BOS,81,27,28.1,4.9,12.3,0.398,1.6,4.3,0.362,3.4,8,0.418,0.461,3.2,4.1,0.773,1.3,2.7,4.1,1.4,1.3,0.6,1.6,2.6,14.5,1996-97,FALSE
93,Andrew DeClercq,C,23,GSW,71,1,15,2,3.8,0.52,0,0,,2,3.8,0.52,0.52,1.3,2.1,0.603,1.7,2.5,4.2,0.5,0.5,0.4,1.1,3.2,5.3,1996-97,FALSE
94,Terry Dehere,PG,25,LAC,73,3,14.4,2,5.2,0.386,0.7,2.2,0.325,1.3,3.1,0.43,0.454,1.7,2,0.824,0.2,1.1,1.3,2.2,0.4,0,1.3,1.9,6.4,1996-97,FALSE
95,Vinny Del Negro,SG,30,SAS,72,53,31.2,5.1,10.8,0.467,0.6,1.9,0.314,4.5,8.9,0.501,0.496,1.6,1.8,0.868,0.5,2.4,2.9,3.2,0.8,0.1,1.3,1.8,12.3,1996-97,FALSE
96,Bison Dele,C,27,CHI,9,0,15.3,2.9,7,0.413,0,0,,2.9,7,0.413,0.413,1.2,1.7,0.733,1.6,2.1,3.7,1.3,0.3,0.6,1.2,2.2,7,1996-97,FALSE
97,Tony Delk,PG,23,CHH,61,1,14.2,2,4.2,0.465,0.9,1.8,0.464,1.1,2.4,0.465,0.566,0.7,0.8,0.824,0.5,1.1,1.6,1.6,0.6,0.1,1.1,1.2,5.4,1996-97,FALSE
98,Dell Demps,SG,26,ORL,2,0,5,0,1.5,0,0,0.5,0,0,1,0,0,1,1,1,0,0,0,0,0.5,0,0,0.5,1,1996-97,FALSE
99,Vlade Divac*,C,28,CHH,81,80,35.1,5.2,10.5,0.494,0.1,0.6,0.234,5,9.9,0.509,0.5,2.2,3.2,0.683,3,6,9,3.7,1.3,2.2,2.4,3.4,12.6,1996-97,FALSE
100,Sherman Douglas,PG,30,MIL,79,79,29.3,3.9,7.7,0.502,0.5,1.4,0.333,3.4,6.3,0.54,0.533,1.4,2.2,0.667,0.7,1.7,2.4,5.4,1,0.1,1.9,2.4,9.7,1996-97,FALSE
101,Greg Dreiling,C,34,DAL,40,3,9.7,0.9,1.9,0.459,0,0,1,0.8,1.8,0.452,0.466,0.3,0.7,0.407,0.5,1.4,1.9,0.3,0.2,0.2,0.2,1.6,2,1996-97,FALSE
102,Clyde Drexler*,SG,34,HOU,62,62,36.6,6.4,14.5,0.442,1.9,5.4,0.355,4.5,9.1,0.493,0.508,3.2,4.3,0.75,1.9,4.1,6,5.7,1.9,0.6,2.5,2.4,18,1996-97,FALSE
103,Nate Driggers,SG,23,BOS,15,0,8.8,0.9,2.9,0.302,0,0.6,0,0.9,2.3,0.382,0.302,0.7,0.9,0.714,0.8,0.7,1.5,0.4,0.2,0.1,0.4,0.7,2.4,1996-97,FALSE
104,Kevin Duckworth,C,32,LAC,26,22,14.8,1.7,4,0.437,0.1,0.2,0.75,1.6,3.8,0.424,0.451,0.4,0.6,0.688,0.9,1.4,2.3,0.6,0.3,0.4,1.3,2.4,4,1996-97,FALSE
105,Chris Dudley,C,31,POR,81,14,22.7,1.6,3.6,0.43,0,0,,1.6,3.6,0.43,0.43,0.8,1.7,0.474,2.5,4.8,7.3,0.5,0.5,1.2,1,3,3.9,1996-97,FALSE
106,Joe Dumars*,SG,33,DET,79,79,37,4.9,11.1,0.44,2.1,4.9,0.432,2.8,6.2,0.446,0.535,2.8,3.2,0.867,0.5,1.9,2.4,4,0.7,0,1.6,1.2,14.7,1996-97,FALSE
107,Tony Dumas,SG,24,TOT,24,1,11.6,1.4,4,0.344,0.2,1.2,0.143,1.2,2.8,0.426,0.365,0.7,1,0.64,0.1,0.5,0.7,1,0.4,0.1,0.7,1.9,3.6,1996-97,FALSE
107,Tony Dumas,SG,24,DAL,18,0,12.6,1.5,4.3,0.351,0.2,1.3,0.125,1.3,2.9,0.453,0.37,0.8,1.3,0.652,0.2,0.6,0.8,1.2,0.6,0.1,0.8,2,4,1996-97,FALSE
107,Tony Dumas,SG,24,PHO,6,1,8.5,1,3.2,0.316,0.2,0.7,0.25,0.8,2.5,0.333,0.342,0.2,0.3,0.5,0,0.3,0.3,0.5,0,0.2,0.2,1.5,2.3,1996-97,FALSE
108,Acie Earl,C,26,TOT,47,0,10.6,1.4,3.8,0.372,0,0.1,0,1.4,3.7,0.383,0.372,1.1,1.8,0.643,0.7,1.3,2,0.4,0.3,0.6,0.7,1.3,4,1996-97,FALSE
108,Acie Earl,C,26,TOR,38,0,12,1.6,4.1,0.376,0,0.1,0,1.6,4,0.388,0.376,1.2,1.8,0.629,0.9,1.4,2.2,0.5,0.3,0.7,0.9,1.4,4.3,1996-97,FALSE
108,Acie Earl,C,26,MIL,9,0,4.8,0.9,2.6,0.348,0,0,,0.9,2.6,0.348,0.348,1.1,1.6,0.714,0.2,1,1.2,0.2,0.3,0.1,0.2,0.8,2.9,1996-97,FALSE
109,Tyus Edney,PG,23,SAC,70,20,19.7,2.1,5.6,0.384,0.1,0.6,0.19,2,5,0.407,0.394,2.5,3.1,0.823,0.5,1.1,1.6,3.2,0.9,0,1.6,1.4,6.9,1996-97,FALSE
110,Blue Edwards,SF,31,VAN,61,12,23.6,3,7.5,0.397,0.4,1.5,0.281,2.6,6,0.425,0.425,1.5,1.8,0.817,0.8,2.3,3.1,1.9,0.6,0.3,1.3,2.2,7.8,1996-97,FALSE
111,Kevin Edwards,PG,31,NJN,32,0,14.9,2.2,5.7,0.377,0.5,1.3,0.349,1.7,4.4,0.386,0.418,1.2,1.3,0.86,0.3,1.1,1.3,1.8,0.5,0.1,1.5,1.1,5.9,1996-97,FALSE
112,Craig Ehlo,SG,35,SEA,62,0,13.7,1.4,4,0.351,0.4,1.5,0.284,1,2.5,0.392,0.405,0.2,0.4,0.5,0.6,1.1,1.8,1.1,0.6,0.1,0.7,1.1,3.5,1996-97,FALSE
113,Howard Eisley,PG,24,UTA,82,0,13.2,1.7,3.8,0.451,0.2,0.9,0.278,1.5,2.9,0.504,0.484,0.9,1.1,0.787,0.2,0.8,1,2.4,0.5,0.1,1.3,1.7,4.5,1996-97,FALSE
114,Mario Elie,SF,33,HOU,78,77,34.4,3.7,7.5,0.497,1.5,3.7,0.42,2.2,3.8,0.572,0.6,2.7,3,0.896,0.8,2.2,3,4,1.2,0.2,1.7,2.6,11.7,1996-97,FALSE
115,Sean Elliott,SF,28,SAS,39,39,35.7,5,11.9,0.422,1.1,3.2,0.333,3.9,8.7,0.456,0.468,3.8,5,0.755,1.2,3.6,4.9,3.2,0.6,0.6,2.3,2.7,14.9,1996-97,FALSE
116,Dale Ellis,SF,36,DEN,82,51,35.9,5.8,14,0.414,2.3,6.4,0.364,3.5,7.6,0.457,0.498,2.6,3.2,0.817,1.2,2.4,3.6,2,0.7,0.1,1.8,2.2,16.6,1996-97,FALSE
117,LaPhonso Ellis,PF,26,DEN,55,49,36.4,8.1,18.4,0.439,1.7,4.7,0.367,6.4,13.7,0.464,0.486,4,5.1,0.773,1.9,5.1,7,2.4,0.8,0.7,2.1,3.3,21.9,1996-97,FALSE
118,Pervis Ellison,PF,29,BOS,6,4,20.8,1,2.7,0.375,0,0,,1,2.7,0.375,0.375,0.5,0.8,0.6,1.5,2.8,4.3,0.7,0.8,1.5,1.2,3.5,2.5,1996-97,FALSE
119,Brian Evans,SF,23,ORL,14,0,4.2,0.6,1.6,0.364,0.3,0.6,0.5,0.3,1,0.286,0.455,0,0,,0.1,0.5,0.6,0.5,0.1,0.1,0.1,0.4,1.4,1996-97,FALSE
120,Patrick Ewing*,C,34,NYK,78,78,37,8.4,17.2,0.488,0,0.1,0.222,8.4,17.1,0.49,0.489,5.6,7.5,0.754,2.2,8.4,10.7,2,0.9,2.4,3.4,3.2,22.4,1996-97,FALSE
121,Jamie Feick,PF-C,22,TOT,41,0,15.2,1.4,3.8,0.357,0.1,0.3,0.357,1.2,3.5,0.357,0.373,0.8,1.6,0.507,2,3.2,5.2,0.6,0.4,0.3,0.8,1.9,3.7,1996-97,FALSE
121,Jamie Feick,C,22,CHH,3,0,3.3,0.7,1.3,0.5,0.3,0.3,1,0.3,1,0.333,0.625,0,0.7,0,0.3,0.7,1,0,0,0.3,0,1,1.7,1996-97,FALSE
121,Jamie Feick,PF,22,SAS,38,0,16.2,1.4,4,0.353,0.1,0.3,0.308,1.3,3.7,0.357,0.366,0.9,1.7,0.523,2.1,3.4,5.6,0.7,0.4,0.3,0.8,2,3.8,1996-97,FALSE
122,Duane Ferrell,SF,31,IND,62,18,18,2.6,5.4,0.472,0.3,0.7,0.409,2.3,4.7,0.481,0.499,0.9,1.5,0.617,0.9,1.4,2.3,1.1,0.6,0.1,0.9,1.9,6.4,1996-97,FALSE
123,Danny Ferry,PF,30,CLE,82,48,32.1,4.2,9.7,0.429,1.4,3.5,0.401,2.8,6.2,0.445,0.501,0.9,1.1,0.851,1,3.1,4.1,1.8,0.7,0.4,1.1,3,10.6,1996-97,FALSE
124,Michael Finley,SF,23,TOT,83,54,33.6,5.7,12.9,0.444,1.2,3.4,0.361,4.5,9.5,0.473,0.491,2.4,3,0.808,1.1,3.4,4.5,2.7,0.8,0.3,2,1.7,15,1996-97,FALSE
124,Michael Finley,SF,23,PHO,27,18,29.5,5.2,11,0.475,0.5,2,0.255,4.7,9,0.525,0.498,2.1,2.6,0.812,1.3,3.2,4.4,2.5,0.7,0.1,1.6,1.6,13,1996-97,FALSE
124,Michael Finley,SF,23,DAL,56,36,35.6,6,13.8,0.432,1.6,4,0.387,4.4,9.8,0.45,0.488,2.5,3.1,0.807,1,3.5,4.5,2.8,0.9,0.4,2.1,1.7,16,1996-97,FALSE
125,Matt Fish,C,27,TOT,6,0,1.3,0.2,0.5,0.333,0,0,,0.2,0.5,0.333,0.333,0,0,,0.2,0.7,0.8,0,0,0,0.3,0.3,0.3,1996-97,FALSE
125,Matt Fish,C,27,WSB,5,0,1.4,0.2,0.6,0.333,0,0,,0.2,0.6,0.333,0.333,0,0,,0.2,0.8,1,0,0,0,0.4,0.4,0.4,1996-97,FALSE
125,Matt Fish,C,27,MIA,1,0,1,0,0,,0,0,,0,0,,,0,0,,0,0,0,0,0,0,0,0,0,1996-97,FALSE
126,Derek Fisher,PG,22,LAL,80,3,11.5,1.3,3.3,0.397,0.3,0.9,0.301,1,2.4,0.434,0.439,1,1.5,0.658,0.3,0.9,1.2,1.5,0.5,0.1,0.9,1.1,3.9,1996-97,FALSE
127,Greg Foster,C,28,UTA,79,12,11.6,1.4,3.1,0.453,0,0,0.667,1.4,3.1,0.45,0.457,0.7,0.8,0.831,0.7,1.7,2.4,0.4,0.1,0.3,0.7,1.8,3.5,1996-97,FALSE
128,Rick Fox,SF,27,BOS,76,75,34.9,5.7,12.5,0.456,1.3,3.7,0.363,4.4,8.8,0.494,0.509,2.7,3.5,0.787,1.5,3.7,5.2,3.8,2.2,0.5,2.3,3.7,15.4,1996-97,FALSE
129,Todd Fuller,C,22,GSW,75,18,12.7,1.5,3.5,0.429,0,0,,1.5,3.5,0.429,0.429,1,1.5,0.691,1.4,1.9,3.3,0.3,0.1,0.3,0.7,1.9,4.1,1996-97,FALSE
130,Kevin Gamble,SF,31,SAC,62,2,15.4,2,4.6,0.43,0.9,1.8,0.482,1.1,2.8,0.397,0.524,0.1,0.2,0.7,0.2,1.5,1.7,1.2,0.3,0.3,0.4,1.2,5,1996-97,FALSE
131,Kevin Garnett*,SF,20,MIN,77,77,38.9,7.1,14.3,0.499,0.1,0.3,0.286,7.1,14,0.503,0.502,2.7,3.5,0.754,2.5,5.6,8,3.1,1.4,2.1,2.3,2.6,17,1996-97,FALSE
132,Dean Garrett,C,30,MIN,68,47,24.5,3.3,5.7,0.573,0,0,,3.3,5.7,0.573,0.573,1.4,2,0.696,2.2,5.1,7.3,0.6,0.6,1.4,0.5,2.3,8,1996-97,FALSE
133,Chris Gatling,PF,29,TOT,47,1,27.3,7,13.3,0.525,0,0.1,0.167,6.9,13.1,0.528,0.526,5,7,0.717,2.9,5,7.9,0.6,0.8,0.7,2.6,2.9,19,1996-97,FALSE
133,Chris Gatling,PF,29,DAL,44,1,27.1,7,13.2,0.533,0,0.1,0.167,7,13,0.537,0.534,5,7.1,0.706,2.9,5,7.9,0.6,0.8,0.7,2.6,2.8,19.1,1996-97,FALSE
133,Chris Gatling,PF,29,NJN,3,0,30.7,6,14.3,0.419,0,0,,6,14.3,0.419,0.419,5,5.3,0.938,2.7,4.7,7.3,1,1.3,0,2,4.3,17,1996-97,FALSE
134,Reggie Geary,PG,23,CLE,39,0,6.3,0.6,1.5,0.379,0.2,0.5,0.381,0.4,0.9,0.378,0.448,0.1,0.3,0.455,0.1,0.3,0.4,0.9,0.3,0.1,0.4,0.9,1.5,1996-97,FALSE
135,Matt Geiger,C,27,CHH,49,13,21.3,3.5,7.1,0.489,0.1,0.4,0.3,3.4,6.7,0.5,0.497,1.8,2.6,0.701,2,3.2,5.3,0.8,0.4,0.6,1.4,3.1,8.9,1996-97,FALSE
136,Kendall Gill,SF,28,NJN,82,81,39,7.9,17.7,0.443,0.9,2.7,0.336,7,15,0.462,0.469,5.2,6.5,0.797,2.2,3.9,6.1,4,1.9,0.6,2.7,2.7,21.8,1996-97,FALSE
137,Armen Gilliam,PF,32,MIL,80,25,25.6,3.1,6.5,0.471,0,0,,3.1,6.5,0.471,0.471,2.5,3.2,0.768,1.7,4.5,6.2,0.7,0.8,0.5,1.3,2.6,8.6,1996-97,FALSE
138,Anthony Goldwire,PG,25,TOT,60,30,19.8,2.2,5.5,0.397,1.1,2.6,0.418,1.1,3,0.379,0.494,1,1.3,0.782,0.2,1.2,1.4,3.7,0.6,0,1.3,1.7,6.5,1996-97,FALSE
138,Anthony Goldwire,PG,25,CHH,33,9,17.5,1.9,4.7,0.403,1.1,2.5,0.439,0.8,2.2,0.361,0.519,0.9,1.2,0.75,0.1,1.1,1.2,2.8,0.6,0,1.2,1.8,5.8,1996-97,FALSE
138,Anthony Goldwire,PG,25,DEN,27,21,22.7,2.6,6.5,0.392,1,2.6,0.394,1.5,3.9,0.39,0.472,1.1,1.4,0.816,0.3,1.4,1.7,4.6,0.5,0,1.3,1.7,7.3,1996-97,FALSE
139,Greg Graham,SG,26,SEA,28,0,7,1,2.9,0.363,0.3,1.1,0.29,0.7,1.8,0.408,0.419,0.9,1.4,0.65,0.1,0.4,0.5,0.4,0.4,0,0.4,0.4,3.3,1996-97,FALSE
140,Brian Grant,PF,24,SAC,24,15,25.3,3.8,8.6,0.44,0,0,,3.8,8.6,0.44,0.44,2.9,3.8,0.778,2,3.9,5.9,1.2,0.8,1,1.8,3.1,10.5,1996-97,FALSE
141,Gary Grant,PG,31,MIA,28,0,13,1.4,3.9,0.355,0.5,1.6,0.304,0.9,2.3,0.391,0.418,0.6,0.8,0.818,0.3,1.1,1.4,1.6,0.6,0,1,1.4,3.9,1996-97,FALSE
142,Harvey Grant,PF,31,WSB,78,25,20.6,1.7,4,0.411,0.4,1.1,0.315,1.3,2.9,0.449,0.455,0.4,0.5,0.769,0.8,2.5,3.3,0.9,0.6,0.6,0.4,2.1,4.1,1996-97,FALSE
143,Horace Grant,PF,31,ORL,67,67,37.3,5.3,10.4,0.515,0,0.1,0.167,5.3,10.3,0.518,0.516,1.9,2.7,0.715,3.1,5.9,9,2.4,1.5,1,1.5,2.3,12.6,1996-97,FALSE
144,Devin Gray,PF,24,TOT,6,0,8.2,1.3,4.3,0.308,0,0,,1.3,4.3,0.308,0.308,0.3,0.8,0.4,1,1.3,2.3,0.3,0.7,0,0.8,1.8,3,1996-97,FALSE
144,Devin Gray,PF,24,SAC,3,0,8.3,1,3.7,0.273,0,0,,1,3.7,0.273,0.273,0.7,1.3,0.5,1,2,3,0.7,1,0,0,1,2.7,1996-97,FALSE
144,Devin Gray,PF,24,SAS,3,0,8,1.7,5,0.333,0,0,,1.7,5,0.333,0.333,0,0.3,0,1,0.7,1.7,0,0.3,0,1.7,2.7,3.3,1996-97,FALSE
145,Evric Gray,SF,27,NJN,5,0,8.4,0.8,3,0.267,0.2,0.8,0.25,0.6,2.2,0.273,0.3,0.8,0.8,1,0.2,0.4,0.6,0.4,0.2,0,0.6,1,2.6,1996-97,FALSE
146,Jeff Grayer,SG,31,SAC,25,0,12.6,1.5,3.3,0.458,0.2,0.4,0.364,1.4,2.9,0.472,0.482,0.4,0.8,0.55,0.8,0.7,1.5,1,0.3,0.3,0.6,1.7,3.6,1996-97,FALSE
147,A.C. Green,PF,33,TOT,83,73,30,2.8,5.8,0.483,0,0.2,0.05,2.8,5.6,0.502,0.485,1.5,2.4,0.65,2.7,5.2,7.9,0.8,0.8,0.2,0.9,1.7,7.2,1996-97,FALSE
147,A.C. Green,PF,33,PHO,27,19,20.3,2.3,4.7,0.477,0,0.1,0,2.3,4.6,0.488,0.477,1.1,1.8,0.646,1.2,3.9,5.1,0.6,0.7,0,0.7,1.3,5.7,1996-97,FALSE
147,A.C. Green,PF,33,DAL,56,54,34.7,3.1,6.4,0.486,0,0.3,0.059,3.1,6.1,0.507,0.487,1.7,2.7,0.651,3.4,5.9,9.3,0.9,0.9,0.3,1,2,7.9,1996-97,FALSE
148,Litterial Green,PG,26,DET,45,0,6.9,0.7,1.4,0.469,0,0.2,0,0.7,1.2,0.556,0.469,0.7,1,0.638,0.1,0.4,0.5,0.9,0.4,0,0.3,0.6,2,1996-97,FALSE
149,Tom Gugliotta,PF,27,MIN,81,81,38.7,7.3,16.5,0.442,0.3,1.1,0.258,7,15.4,0.456,0.451,5.7,7,0.82,2.3,6.4,8.7,4.1,1.6,1.1,3.6,2.9,20.6,1996-97,FALSE
150,Jack Haley,C,33,NJN,20,0,3.7,0.7,1.9,0.351,0,0,,0.7,1.9,0.351,0.351,0.7,1,0.737,0.7,1,1.6,0.3,0.1,0.1,0.1,0.7,2,1996-97,FALSE
151,Darvin Ham,SF,23,TOT,36,3,8.8,0.9,1.7,0.532,0,0,,0.9,1.7,0.532,0.532,0.5,1,0.486,0.8,0.8,1.6,0.4,0.3,0.2,0.6,1.6,2.3,1996-97,FALSE
151,Darvin Ham,SF,23,DEN,35,3,8.9,0.9,1.7,0.525,0,0,,0.9,1.7,0.525,0.525,0.5,0.9,0.485,0.8,0.8,1.6,0.4,0.2,0.2,0.6,1.6,2.3,1996-97,FALSE
151,Darvin Ham,SF,23,IND,1,0,5,1,1,1,0,0,,1,1,1,1,1,2,0.5,0,0,0,0,1,0,1,0,3,1996-97,FALSE
152,Steve Hamer,C,23,BOS,35,3,7.7,0.9,1.6,0.526,0,0.1,0,0.9,1.6,0.545,0.526,0.5,0.8,0.552,0.5,1.2,1.7,0.2,0.1,0.1,0.4,1.1,2.2,1996-97,FALSE
153,Tom Hammonds,PF,29,DEN,81,8,21.7,2.4,4.9,0.48,0,0,0,2.4,4.9,0.482,0.48,1.5,2.1,0.721,1.7,3.3,5,0.8,0.2,0.3,1.1,2.5,6.2,1996-97,FALSE
154,Darrin Hancock,SF,25,TOT,24,0,5.5,0.7,1.5,0.457,0,0,,0.7,1.5,0.457,0.457,0.4,0.6,0.714,0.2,0.6,0.8,0.5,0.4,0,0.5,0.6,1.8,1996-97,FALSE
154,Darrin Hancock,SF,25,MIL,9,0,4.3,0.2,0.7,0.333,0,0,,0.2,0.7,0.333,0.333,0,0,,0.1,0.4,0.6,0.4,0.2,0,0.4,0.8,0.4,1996-97,FALSE
154,Darrin Hancock,SF,25,ATL,14,0,6.1,0.9,1.9,0.481,0,0,,0.9,1.9,0.481,0.481,0.6,0.9,0.667,0.2,0.7,0.9,0.5,0.5,0.1,0.5,0.4,2.4,1996-97,FALSE
154,Darrin Hancock,SF,25,SAS,1,0,8,1,2,0.5,0,0,,1,2,0.5,0.5,2,2,1,0,0,0,1,0,0,0,2,4,1996-97,FALSE
155,Anfernee Hardaway,PG,25,ORL,59,59,37.6,7.1,15.9,0.447,1.4,4.5,0.318,5.7,11.4,0.499,0.493,4.8,5.8,0.82,1.4,3.1,4.5,5.6,1.6,0.6,2.5,2.1,20.5,1996-97,FALSE
156,Tim Hardaway*,PG,30,MIA,81,81,38.7,7.1,17.1,0.415,2.5,7.3,0.344,4.6,9.8,0.469,0.489,3.6,4.5,0.799,0.6,2.8,3.4,8.6,1.9,0.1,2.8,2,20.3,1996-97,FALSE
157,Derek Harper,PG,35,DAL,75,29,29.5,4,9,0.444,0.8,2.3,0.341,3.2,6.6,0.48,0.488,1.3,1.7,0.742,0.4,1.4,1.8,4.3,1.2,0.2,1.8,1.9,10,1996-97,FALSE
158,Ron Harper,PG,33,CHI,76,74,22.9,2.3,5.3,0.436,0.9,2.5,0.362,1.4,2.9,0.5,0.52,0.8,1.1,0.707,0.6,1.9,2.5,2.5,1.1,0.5,0.7,1.8,6.3,1996-97,FALSE
159,Othella Harrington,PF,23,HOU,57,1,15.1,2,3.6,0.549,0,0.1,0,2,3.5,0.557,0.549,0.9,1.4,0.605,1.3,2.2,3.5,0.3,0.2,0.4,1,2,4.8,1996-97,FALSE
160,Lucious Harris,SG,26,PHI,54,3,15.1,2.1,5.4,0.381,0.7,1.8,0.364,1.4,3.6,0.39,0.442,0.6,0.9,0.702,0.5,0.8,1.3,0.9,0.8,0.1,0.6,0.8,5.4,1996-97,FALSE
161,Antonio Harvey,PF,26,SEA,6,0,4.3,0.8,1.8,0.455,0,0,,0.8,1.8,0.455,0.455,0.8,1,0.833,0.3,1.3,1.7,0.2,0,0.7,0.2,1.3,2.5,1996-97,FALSE
162,Hersey Hawkins,SG,30,SEA,82,82,33.6,4.5,9.7,0.464,1.7,4.3,0.403,2.8,5.4,0.514,0.554,3.1,3.6,0.875,1.1,2.8,3.9,3,1.9,0.1,1.6,1.8,13.9,1996-97,FALSE
163,Michael Hawkins,PG,24,BOS,29,0,11.2,1,2.3,0.426,0.3,1.1,0.323,0.7,1.3,0.514,0.5,0.4,0.5,0.8,0.3,0.8,1.1,2.2,0.6,0,1,1.4,2.8,1996-97,FALSE
164,Shane Heal,PG,26,MIN,43,0,5.5,0.6,2.3,0.268,0.5,1.5,0.308,0.1,0.7,0.188,0.371,0.1,0.1,0.6,0,0.4,0.4,0.8,0.1,0.1,0.4,0.5,1.7,1996-97,FALSE
165,Alan Henderson,PF,24,ATL,30,0,16.7,2.6,5.4,0.475,0,0,,2.6,5.4,0.475,0.475,1.5,2.5,0.6,1.6,2.3,3.9,0.8,0.7,0.2,1,2.4,6.6,1996-97,FALSE
166,Mark Hendrickson,PF,22,PHI,29,1,10.4,1.1,2.7,0.416,0.1,0.4,0.25,1,2.2,0.446,0.435,0.6,0.9,0.692,1.2,2,3.2,0.1,0.3,0.1,0.5,1.1,2.9,1996-97,FALSE
167,Carl Herrera,PF,30,SAS,75,58,24.5,3.4,7.9,0.433,0,0.1,0.333,3.4,7.8,0.434,0.435,1.1,1.6,0.686,1.6,3,4.5,0.7,0.8,0.7,1.3,2.9,8,1996-97,FALSE
168,Grant Hill*,SF,24,DET,80,80,39.3,7.8,15.7,0.496,0.1,0.4,0.303,7.7,15.3,0.502,0.5,5.6,7.9,0.711,1.5,7.5,9,7.3,1.8,0.6,3.2,2.3,21.4,1996-97,FALSE
169,Tyrone Hill,C,28,CLE,74,70,34.9,4.8,8,0.6,0,0,0,4.8,8,0.601,0.6,3.3,5.1,0.633,3.5,6.4,9.9,1.2,0.9,0.4,2,3.6,12.9,1996-97,FALSE
170,Fred Hoiberg,SG,24,IND,47,0,12.2,1.4,3.3,0.429,0.6,1.5,0.414,0.8,1.8,0.442,0.522,1.3,1.6,0.792,0.3,1.4,1.7,0.9,0.6,0.1,0.5,1.1,4.8,1996-97,FALSE
171,Jeff Hornacek,SG,33,UTA,82,82,31.6,5,10.4,0.482,0.9,2.4,0.369,4.2,8.1,0.516,0.525,3.6,4,0.899,0.7,2.2,2.9,4.4,1.5,0.3,1.6,2.3,14.5,1996-97,FALSE
172,Robert Horry,SF,26,TOT,54,29,25.8,2.9,6.7,0.436,0.9,2.9,0.318,2,3.8,0.524,0.504,1.1,1.7,0.667,1.3,3.1,4.4,2,1.2,1,1.3,2.8,7.8,1996-97,FALSE
172,Robert Horry,SF,26,PHO,32,15,22.5,2.6,6.1,0.421,0.8,2.4,0.308,1.8,3.7,0.496,0.482,1,1.6,0.64,1.3,2.5,3.7,1.7,0.9,0.8,1.4,2.5,6.9,1996-97,FALSE
172,Robert Horry,SF,26,LAL,22,14,30.7,3.4,7.5,0.455,1.1,3.5,0.329,2.3,4,0.562,0.53,1.3,1.8,0.7,1.3,4.1,5.4,2.5,1.7,1.3,1.2,3.3,9.2,1996-97,FALSE
173,Allan Houston,SG,25,NYK,81,81,33.1,5.4,12.7,0.423,1.8,4.7,0.385,3.6,8,0.446,0.495,2.2,2.7,0.803,0.5,2.4,3,2.2,0.5,0.2,2.1,2.9,14.8,1996-97,FALSE
174,Juwan Howard,SF,23,WSB,82,82,40.5,7.8,16,0.486,0,0,0,7.8,16,0.487,0.486,3.6,4.7,0.756,2.5,5.5,8,3.8,1.1,0.3,3,3.2,19.1,1996-97,FALSE
175,Stephen Howard,SF,26,TOT,49,0,8.5,1.3,2.2,0.574,0,0,,1.3,2.2,0.574,0.574,1.1,1.7,0.642,0.6,1.1,1.7,0.2,0.4,0.2,0.5,1.3,3.6,1996-97,FALSE
175,Stephen Howard,SF,26,SAS,7,0,9.9,1,1.7,0.583,0,0,,1,1.7,0.583,0.583,1.7,2,0.857,0.6,0.7,1.3,0.1,1.1,0.3,0.7,1,3.7,1996-97,FALSE
175,Stephen Howard,SF,26,UTA,42,0,8.3,1.3,2.3,0.573,0,0,,1.3,2.3,0.573,0.573,1,1.6,0.597,0.6,1.2,1.8,0.2,0.3,0.2,0.5,1.3,3.6,1996-97,FALSE
176,Lindsey Hunter,PG,26,DET,82,76,36.9,5.1,12.7,0.404,2,5.7,0.355,3.1,7,0.444,0.484,1.9,2.5,0.778,0.7,2.1,2.8,1.9,1.6,0.3,1.2,2.5,14.2,1996-97,FALSE
177,Bobby Hurley,PG,25,SAC,49,12,12.9,0.9,2.6,0.368,0.3,0.9,0.311,0.7,1.6,0.4,0.424,0.8,1.1,0.698,0.2,0.6,0.8,3,0.6,0.1,1.1,1.1,2.9,1996-97,FALSE
178,Allen Iverson*,PG,21,PHI,76,74,40.1,8.2,19.8,0.416,2,6,0.341,6.2,13.8,0.448,0.467,5,7.2,0.702,1.5,2.6,4.1,7.5,2.1,0.3,4.4,3.1,23.5,1996-97,FALSE
179,Jaren Jackson,SG,29,WSB,75,0,15.1,1.8,4.4,0.407,0.7,2.1,0.335,1.1,2.3,0.474,0.488,0.7,0.9,0.768,0.4,1.3,1.8,0.9,0.6,0.2,0.8,1.7,5,1996-97,FALSE
180,Jim Jackson,SG-SF,26,TOT,77,77,36.8,5.8,13.4,0.431,1.1,3.2,0.348,4.6,10.2,0.458,0.473,3.3,4,0.813,1.7,3.6,5.3,4.1,1.1,0.4,2.7,2.5,15.9,1996-97,FALSE
180,Jim Jackson,SG,26,DAL,46,46,36.4,5.7,12.8,0.442,1,3,0.331,4.7,9.8,0.477,0.481,3.2,4.1,0.787,1.8,3.2,4.9,3.4,1.2,0.3,2.3,2.5,15.5,1996-97,FALSE
180,Jim Jackson,SF,26,NJN,31,31,37.3,5.9,14.2,0.417,1.3,3.5,0.37,4.6,10.7,0.432,0.463,3.4,3.9,0.852,1.6,4.3,5.9,5.2,0.9,0.5,3.3,2.6,16.5,1996-97,FALSE
181,Mark Jackson,PG,31,TOT,82,82,37.2,3.5,8.3,0.426,0.8,2.2,0.371,2.7,6.1,0.445,0.474,2,2.6,0.789,1.1,3.7,4.8,11.4,1.2,0.1,3.3,2,9.9,1996-97,FALSE
181,Mark Jackson,PG,31,DEN,52,52,38.5,3.7,8.7,0.425,0.9,2.3,0.397,2.8,6.4,0.435,0.478,2.1,2.6,0.801,1.4,3.8,5.2,12.3,1,0.2,3.3,2,10.4,1996-97,FALSE
181,Mark Jackson,PG,31,IND,30,30,35.1,3.2,7.6,0.427,0.6,1.9,0.316,2.6,5.7,0.465,0.467,2,2.6,0.766,0.7,3.5,4.1,9.8,1.5,0.1,3.4,1.9,9,1996-97,FALSE
182,Henry James,PF,31,ATL,53,15,17.8,2.4,5.8,0.408,1.4,3.4,0.42,0.9,2.4,0.392,0.533,0.6,0.7,0.833,0.5,1,1.5,0.4,0.2,0,0.5,1.8,6.7,1996-97,FALSE
183,Chris Jent,SF,27,NYK,3,0,3.3,0.7,2,0.333,0.7,1,0.667,0,1,0,0.5,0,0,,0.3,0,0.3,0.3,0,0,0,0.7,2,1996-97,FALSE
184,Avery Johnson,PG,31,SAS,76,76,32.5,4.3,9,0.477,0.1,0.3,0.231,4.2,8.7,0.487,0.482,1.8,2.7,0.69,0.4,1.5,1.9,6.8,1.3,0.2,1.9,2.1,10.5,1996-97,FALSE
185,Eddie Johnson,SF,37,TOT,52,2,17.6,3.1,7,0.442,0.9,2.5,0.374,2.1,4.4,0.481,0.51,1.1,1.3,0.809,0.5,2.1,2.7,1,0.3,0,0.9,1.6,8.2,1996-97,FALSE
185,Eddie Johnson,SF,37,IND,28,0,10.9,2.1,4.9,0.434,0.3,1,0.321,1.8,3.9,0.463,0.467,0.7,1,0.741,0.1,1.3,1.4,0.6,0.2,0,0.6,1.2,5.3,1996-97,FALSE
185,Eddie Johnson,SF,37,HOU,24,2,25.3,4.2,9.4,0.447,1.7,4.3,0.388,2.5,5.1,0.496,0.535,1.5,1.7,0.854,1,3.1,4.1,1.5,0.4,0,1.3,2,11.5,1996-97,FALSE
186,Ervin Johnson,C,29,DEN,82,82,31.7,3,5.7,0.52,0,0,0,3,5.7,0.523,0.52,1.2,1.9,0.615,2.8,8.3,11.1,0.9,0.8,2.8,1.4,3.5,7.1,1996-97,FALSE
187,Kevin Johnson,PG,30,PHO,70,70,38,6.3,12.7,0.496,1.3,2.9,0.441,5,9.8,0.512,0.546,6.3,7.4,0.852,0.8,2.8,3.6,9.3,1.5,0.2,3.1,2,20.1,1996-97,FALSE
188,Larry Johnson,SF,27,NYK,76,76,34.4,4.9,9.7,0.512,0.4,1.4,0.324,4.5,8.3,0.543,0.535,2.5,3.6,0.693,2.2,3,5.2,2.3,0.8,0.5,1.8,3.3,12.8,1996-97,FALSE
189,Charles Jones,PF,39,HOU,12,0,7.8,0.2,0.4,0.4,0,0,,0.2,0.4,0.4,0.4,0,0,,0.4,0.7,1.1,0.3,0.2,0.3,0,0.7,0.3,1996-97,FALSE
190,Eddie Jones,SG,25,LAL,80,80,37.5,5.9,13.5,0.438,1.9,4.9,0.391,4,8.7,0.464,0.508,3.5,4.2,0.819,1.1,3,4.1,3.4,2.4,0.6,2.1,2.8,17.2,1996-97,FALSE
191,Popeye Jones,PF,26,TOR,79,61,30.6,3.3,6.8,0.48,0,0.2,0.077,3.3,6.6,0.49,0.481,1.3,1.5,0.818,3.4,5.2,8.6,1.1,0.7,0.5,1.5,3.4,7.8,1996-97,FALSE
192,Michael Jordan*,SG,33,CHI,82,82,37.9,11.2,23.1,0.486,1.4,3.6,0.374,9.9,19.5,0.507,0.516,5.9,7,0.833,1.4,4.5,5.9,4.3,1.7,0.5,2,1.9,29.6,1996-97,FALSE
193,Reggie Jordan,SG,29,TOT,19,0,6.8,0.8,1.4,0.615,0,0,,0.8,1.4,0.615,0.615,0.4,0.9,0.471,0.6,0.8,1.4,0.6,0.4,0.2,0.4,0.8,2.1,1996-97,FALSE
193,Reggie Jordan,SG,29,POR,9,0,11,0.9,1.8,0.5,0,0,,0.9,1.8,0.5,0.5,0.4,1.1,0.4,1.2,1.3,2.6,1.2,0.6,0.3,0.7,1.4,2.2,1996-97,FALSE
193,Reggie Jordan,SG,29,MIN,10,0,3.1,0.8,1,0.8,0,0,,0.8,1,0.8,0.8,0.4,0.7,0.571,0,0.4,0.4,0.1,0.2,0,0.2,0.2,2,1996-97,FALSE
194,Adam Keefe,C,26,UTA,62,0,14.8,1.3,2.6,0.513,0,0,0,1.3,2.6,0.516,0.513,1.1,1.7,0.689,1.2,2.3,3.5,0.5,0.5,0.2,0.7,1.6,3.8,1996-97,FALSE
195,Shawn Kemp,PF,27,SEA,81,75,34,6.5,12.7,0.51,0.1,0.4,0.364,6.3,12.3,0.515,0.516,5.6,7.5,0.742,3.4,6.6,10,1.9,1.5,1,3.5,4,18.7,1996-97,FALSE
196,Tim Kempton,PF,33,SAS,10,0,5.9,0.1,0.5,0.2,0,0,,0.1,0.5,0.2,0.2,0.2,0.2,1,0.3,0.5,0.8,0.2,0.1,0.1,0.7,0.4,0.4,1996-97,FALSE
197,Steve Kerr,PG,31,CHI,82,0,22.7,3,5.7,0.533,1.3,2.9,0.464,1.7,2.8,0.604,0.651,0.7,0.8,0.806,0.4,1.2,1.6,2.1,0.8,0,0.5,1.2,8.1,1996-97,FALSE
198,Jerome Kersey,SF,34,LAL,70,44,25.2,2.8,6.4,0.432,0.2,0.9,0.262,2.5,5.5,0.461,0.451,1,1.7,0.602,1.6,3.6,5.2,1.3,1.7,0.7,1.1,3.1,6.8,1996-97,FALSE
199,Jason Kidd*,PG,23,TOT,55,45,35.7,3.9,9.6,0.403,1.1,3,0.37,2.8,6.6,0.418,0.46,2,3,0.679,1.2,3.4,4.5,9,2.3,0.4,2.6,2.1,10.9,1996-97,FALSE
199,Jason Kidd*,PG,23,DAL,22,22,36,3.4,9.2,0.369,1,3,0.323,2.5,6.3,0.391,0.421,2.1,3.1,0.667,1.4,2.7,4.1,9.1,2,0.4,3,1.9,9.9,1996-97,FALSE
199,Jason Kidd*,PG,23,PHO,33,23,35.5,4.2,9.9,0.423,1.2,3,0.4,3,6.8,0.434,0.485,2,2.9,0.688,1,3.8,4.8,9,2.4,0.4,2.3,2.2,11.6,1996-97,FALSE
200,Frankie King,SG,24,PHI,7,0,8.4,1,2.4,0.412,0.1,0.3,0.5,0.9,2.1,0.4,0.441,0.7,0.7,1,0.6,1.4,2,0.7,0.6,0,0.4,1,2.9,1996-97,FALSE
201,Jimmy King,SG,23,DEN,2,0,11,1,3,0.333,0,0,,1,3,0.333,0.333,1,2,0.5,1,0,1,1,1.5,0,0.5,1,3,1996-97,FALSE
202,Stacey King,C,30,TOT,11,0,9.4,1,2,0.5,0,0,,1,2,0.5,0.5,0.2,0.6,0.286,1,1.5,2.5,0.1,0.2,0.1,0.5,1.3,2.2,1996-97,FALSE
202,Stacey King,C,30,BOS,5,0,6.6,1,1.4,0.714,0,0,,1,1.4,0.714,0.714,0.4,0.6,0.667,0.2,1.6,1.8,0.2,0,0.2,0.2,0.6,2.4,1996-97,FALSE
202,Stacey King,C,30,DAL,6,0,11.7,1,2.5,0.4,0,0,,1,2.5,0.4,0.4,0,0.7,0,1.7,1.3,3,0,0.3,0,0.8,1.8,2,1996-97,FALSE
203,Kerry Kittles,SG,22,NJN,82,57,36.7,6.2,14.5,0.426,1.9,5.1,0.377,4.3,9.4,0.453,0.493,2.1,2.8,0.771,1.3,2.6,3.9,3,1.9,0.4,1.5,2,16.4,1996-97,FALSE
204,Joe Kleine,C,35,TOT,59,10,14.4,1.2,2.9,0.406,0,0.1,0.667,1.1,2.8,0.401,0.412,0.5,0.6,0.737,1.1,2.4,3.4,0.6,0.3,0.3,0.7,1.9,2.8,1996-97,FALSE
204,Joe Kleine,C,35,PHO,23,10,15.9,1.4,3.5,0.4,0,0,1,1.3,3.4,0.392,0.406,0.6,0.8,0.722,0.9,2.6,3.5,0.5,0.4,0.3,0.9,2,3.4,1996-97,FALSE
204,Joe Kleine,C,35,LAL,8,0,3.8,0.3,1,0.25,0,0,,0.3,1,0.25,0.25,0.3,0.3,1,0.3,0.9,1.1,0,0,0,0,0.8,0.8,1996-97,FALSE
204,Joe Kleine,C,35,NJN,28,0,16.2,1.3,2.9,0.427,0,0.1,0.5,1.2,2.9,0.425,0.433,0.5,0.6,0.722,1.4,2.7,4.1,0.8,0.3,0.4,0.8,2,3,1996-97,FALSE
205,Travis Knight,C,22,LAL,71,14,16.3,2,3.9,0.509,0,0,,2,3.9,0.509,0.509,0.9,1.4,0.62,1.8,2.7,4.5,0.5,0.4,0.8,0.7,2.4,4.8,1996-97,FALSE
206,Larry Krystkowiak,PF,32,LAL,3,0,3.7,0.3,0.7,0.5,0,0,,0.3,0.7,0.5,0.5,0.3,0.7,0.5,0.7,1,1.7,1,0.7,0,0.3,1,1,1996-97,FALSE
207,Toni Kuko?*,SF,28,CHI,57,15,28.2,5,10.6,0.471,0.9,2.6,0.331,4.1,8,0.518,0.512,2.4,3.1,0.77,1.6,2.9,4.6,4.5,1.1,0.5,1.6,1.7,13.2,1996-97,FALSE
208,Christian Laettner,PF,27,ATL,82,82,38.3,6.7,13.8,0.486,0.4,1.1,0.352,6.3,12.7,0.497,0.5,4.4,5.4,0.816,2.6,6.2,8.8,2.7,1.2,0.8,2.7,3.4,18.1,1996-97,FALSE
209,Andrew Lang,C,30,MIL,52,52,23,2.2,4.8,0.464,0,0,,2.2,4.8,0.464,0.464,0.8,1.2,0.721,1.8,3.5,5.3,0.5,0.5,0.9,0.8,2.7,5.3,1996-97,FALSE
210,Antonio Lang,PF,24,CLE,64,1,13.2,1.1,2.5,0.42,0,0.1,0,1.1,2.4,0.436,0.42,0.5,0.8,0.729,0.8,1.2,2,0.5,0.5,0.5,0.8,1.7,2.7,1996-97,FALSE
211,Priest Lauderdale,C,23,ATL,35,0,5.1,1.4,2.5,0.551,0,0,0,1.4,2.5,0.557,0.551,0.4,0.7,0.565,0.5,0.8,1.2,0.3,0,0.3,1.1,1.1,3.2,1996-97,FALSE
212,Eric Leckner,C,30,TOT,20,1,6.3,0.7,1.7,0.424,0,0,,0.7,1.7,0.424,0.424,0.3,0.6,0.5,0.3,1.6,1.8,0.3,0.2,0.1,0.5,1.8,1.7,1996-97,FALSE
212,Eric Leckner,C,30,CHH,1,0,11,0,3,0,0,0,,0,3,0,0,0,0,,0,1,1,1,0,0,0,3,0,1996-97,FALSE
212,Eric Leckner,C,30,VAN,19,1,6.1,0.7,1.6,0.467,0,0,,0.7,1.6,0.467,0.467,0.3,0.6,0.5,0.3,1.6,1.8,0.2,0.2,0.1,0.5,1.7,1.8,1996-97,FALSE
213,Tim Legler,SG,30,WSB,15,0,12.1,1,3.2,0.313,0.5,1.9,0.276,0.5,1.3,0.368,0.396,0.4,0.5,0.857,0,1.4,1.4,0.5,0.2,0.3,0.6,1.4,2.9,1996-97,FALSE
214,Voshon Lenard,SG,23,MIA,73,47,28.9,4.3,9.4,0.459,2.5,6.1,0.414,1.8,3.3,0.541,0.593,1.2,1.4,0.819,0.5,2.5,3,2.2,0.7,0.2,1.5,2.3,12.3,1996-97,FALSE
215,Martin Lewis,SF,21,TOR,9,0,5.6,0.7,1.6,0.429,0.1,0.3,0.333,0.6,1.2,0.455,0.464,0.1,0.2,0.5,0.4,0.2,0.7,0.4,0.1,0.2,0.1,0.9,1.6,1996-97,FALSE
216,Alton Lister,C,38,BOS,53,2,9.7,0.6,1.5,0.416,0,0,,0.6,1.5,0.416,0.416,0.4,0.6,0.742,1.2,1.9,3.2,0.2,0.2,0.3,0.6,1.8,1.6,1996-97,FALSE
217,Randy Livingston,PG,21,HOU,64,0,15.3,1.6,3.6,0.437,0.1,0.3,0.409,1.4,3.2,0.44,0.456,0.7,1,0.646,0.5,1,1.5,2.4,0.6,0.2,1.6,1.7,3.9,1996-97,FALSE
218,Horacio Llamas,C,23,PHO,20,2,5.1,0.8,1.4,0.536,0,0,,0.8,1.4,0.536,0.536,0.2,0.4,0.5,0.2,0.7,0.9,0.2,0.5,0.3,0.6,1.3,1.7,1996-97,FALSE
219,Brad Lohaus,PF,32,TOR,6,0,7.5,0.7,2.5,0.267,0.3,1.2,0.286,0.3,1.3,0.25,0.333,0,0,,0.2,1,1.2,0.2,0.2,0,0.2,1,1.7,1996-97,FALSE
220,Grant Long,PF,30,DET,65,24,17.9,1.9,4.2,0.447,0.3,0.7,0.362,1.6,3.5,0.465,0.478,1,1.3,0.75,1.4,2.1,3.4,0.6,0.7,0.1,0.7,1.6,5,1996-97,FALSE
221,John Long,SG,40,TOR,32,0,11.6,1.4,3.7,0.393,0.4,1.1,0.353,1.1,2.6,0.41,0.444,0.8,0.9,0.893,0.2,1.1,1.3,0.7,0.3,0.1,0.8,0.9,4,1996-97,FALSE
222,Luc Longley,C,28,CHI,59,59,24.9,3.7,8.2,0.456,0,0,0,3.7,8.2,0.458,0.456,1.6,2,0.792,2.1,3.6,5.6,2.4,0.4,1.1,1.9,3.2,9.1,1996-97,FALSE
223,George Lynch,SF,26,VAN,41,27,25.8,3.3,7.1,0.471,0.2,0.8,0.258,3.1,6.3,0.496,0.485,1.5,2.4,0.619,2.4,4,6.4,1.9,1.5,0.4,1.6,2.4,8.3,1996-97,FALSE
224,Sam Mack,SF,26,HOU,52,10,17.4,2,5,0.401,0.9,2.7,0.331,1.1,2.3,0.483,0.49,0.7,0.8,0.833,0.4,1.7,2,1.1,0.6,0.1,0.8,1.3,5.6,1996-97,FALSE
225,Don MacLean,SF,27,PHI,37,2,19.8,4.4,9.9,0.447,0.3,1,0.316,4.1,8.8,0.462,0.463,1.7,2.6,0.66,1.1,2.7,3.8,1,0.3,0.3,1.3,1.9,10.9,1996-97,FALSE
226,Rick Mahorn,C,38,DET,22,7,9.9,0.9,2.5,0.37,0,0,0,0.9,2.4,0.377,0.37,0.7,1,0.727,0.9,1.5,2.4,0.3,0.2,0.1,0.5,1.5,2.5,1996-97,FALSE
227,Dan Majerle,SF,31,MIA,36,26,35.1,3.9,9.6,0.406,1.9,5.6,0.338,2,4.1,0.5,0.504,1.1,1.6,0.678,1.3,3.3,4.5,3.2,1.5,0.4,1.4,2.1,10.8,1996-97,FALSE
228,Karl Malone*,PF,33,UTA,82,82,36.6,10.5,19.2,0.55,0,0.2,0,10.5,19,0.555,0.55,6.4,8.4,0.755,2.4,7.5,9.9,4.5,1.4,0.6,2.8,2.6,27.4,1996-97,TRUE
229,Matt Maloney,PG,25,HOU,82,82,29.1,3.3,7.5,0.441,1.9,4.6,0.404,1.4,2.9,0.5,0.566,0.9,1.1,0.763,0.2,1.7,2,3.7,1,0,1.5,1.5,9.4,1996-97,FALSE
230,Danny Manning,PF,30,PHO,77,17,27.7,5.5,10.3,0.536,0.1,0.5,0.194,5.4,9.9,0.552,0.54,2.4,3.3,0.721,1.8,4.3,6.1,2.2,1.1,1,2.1,3.5,13.5,1996-97,FALSE
231,Rich Manning,PF,26,TOT,26,2,7.7,1.2,3.2,0.39,0.1,0.2,0.5,1.2,3,0.385,0.402,0.3,0.5,0.643,0.6,0.9,1.5,0.1,0.2,0.1,0.3,1.1,2.9,1996-97,FALSE
231,Rich Manning,PF,26,VAN,16,1,8,1.1,3,0.375,0.1,0.2,0.667,1,2.8,0.356,0.396,0.4,0.5,0.75,0.5,0.9,1.4,0.1,0.2,0.1,0.3,1.1,2.8,1996-97,FALSE
231,Rich Manning,PF,26,LAC,10,1,7.3,1.4,3.4,0.412,0,0.1,0,1.4,3.3,0.424,0.412,0.3,0.6,0.5,0.8,0.8,1.6,0.1,0.1,0.1,0.2,1.1,3.1,1996-97,FALSE
232,Stephon Marbury,PG,19,MIN,67,64,34.7,5.3,13,0.408,1.5,4.3,0.354,3.8,8.7,0.434,0.466,3.7,5,0.727,0.8,1.9,2.7,7.8,1,0.3,3.1,2.4,15.8,1996-97,FALSE
233,?arÅ«nas Mar?iulionis*,SG,32,DEN,17,0,15,2.2,5.9,0.376,0.6,1.8,0.367,1.6,4.2,0.38,0.431,1.7,2.1,0.806,0.7,1.1,1.8,1.5,0.7,0.1,2.4,2.2,6.8,1996-97,FALSE
234,Donny Marshall,SF,24,CLE,56,0,9.8,0.9,2.9,0.325,0.6,1.6,0.379,0.3,1.3,0.26,0.428,0.7,1,0.704,0.4,0.9,1.3,0.4,0.4,0.1,0.6,1.1,3.1,1996-97,FALSE
235,Donyell Marshall,SF,23,GSW,61,20,16.8,2.9,6.9,0.413,0.6,1.8,0.315,2.3,5.1,0.448,0.455,1,1.6,0.622,1.5,3,4.5,0.9,0.4,0.8,0.9,1.6,7.3,1996-97,FALSE
236,Cuonzo Martin,SG,25,MIL,3,0,4.3,0,2.3,0,0,0.7,0,0,1.7,0,0,0,0,,0.3,0,0.3,0.3,0,0,0.3,0.3,0,1996-97,FALSE
237,Darrick Martin,PG,25,LAC,82,64,22.2,3.6,8.8,0.407,1.1,2.9,0.389,2.5,5.9,0.415,0.47,2.7,3,0.872,0.3,1.1,1.4,4.1,0.7,0,1.5,2,10.9,1996-97,FALSE
238,Jamal Mashburn,SF,24,TOT,69,51,31.4,4.1,10.8,0.385,1.3,4,0.325,2.8,6.8,0.421,0.445,2.3,3.3,0.702,1,3.3,4.3,3,1.1,0.2,1.7,2.7,11.9,1996-97,FALSE
238,Jamal Mashburn,SF,24,DAL,37,21,26.4,3.8,10.2,0.372,1.1,3.5,0.321,2.6,6.6,0.4,0.428,1.9,3,0.649,0.8,2.4,3.1,2.5,0.9,0.1,1.5,1.9,10.6,1996-97,FALSE
238,Jamal Mashburn,SF,24,MIA,32,30,37.2,4.6,11.5,0.398,1.5,4.6,0.329,3.1,6.9,0.443,0.463,2.8,3.7,0.752,1.3,4.3,5.6,3.5,1.3,0.2,1.8,3.7,13.4,1996-97,FALSE
239,Anthony Mason,PF,30,CHH,73,73,43.1,5.9,11.3,0.525,0,0,0.333,5.9,11.3,0.526,0.525,4.4,5.9,0.745,2.5,8.8,11.4,5.7,1,0.5,2.3,2.8,16.2,1996-97,FALSE
240,Tony Massenburg,PF,29,NJN,79,49,24.7,2.8,5.7,0.485,0,0,0,2.8,5.7,0.486,0.485,1.6,2.6,0.631,2.8,3.7,6.5,0.3,0.5,0.6,1.2,2.7,7.2,1996-97,FALSE
241,Vernon Maxwell,SG,31,SAS,72,31,28.7,4.7,12.6,0.375,1.6,5.2,0.309,3.1,7.4,0.421,0.439,1.9,2.5,0.744,0.4,1.8,2.2,2.1,1.2,0.3,1.7,2.3,12.9,1996-97,FALSE
242,Lee Mayberry,PG,26,VAN,80,38,24.4,1.9,4.6,0.403,1,2.8,0.376,0.8,1.9,0.443,0.515,0.4,0.6,0.63,0.4,1.3,1.7,4.1,0.8,0.1,1.1,2,5.1,1996-97,FALSE
243,Walter McCarty,PF,22,NYK,35,0,5.5,0.7,1.9,0.382,0.1,0.4,0.286,0.6,1.5,0.407,0.412,0.2,0.4,0.571,0.2,0.4,0.7,0.4,0.2,0.3,0.5,1.1,1.8,1996-97,FALSE
244,Amal McCaskill,C,23,ORL,17,1,6.4,0.6,1.9,0.313,0,0.1,0,0.6,1.8,0.333,0.313,0.5,0.7,0.667,0.2,1.1,1.3,0.4,0.2,0.3,0.6,0.4,1.6,1996-97,FALSE
245,George McCloud,SF,29,TOT,64,28,23.3,3.7,9,0.412,1.5,4,0.39,2.2,5.1,0.429,0.497,1.3,1.6,0.822,0.6,2.2,2.8,1.7,1,0.1,1,2,10.3,1996-97,FALSE
245,George McCloud,SF,29,DAL,41,26,29.4,5,11.8,0.423,1.9,5,0.38,3.1,6.8,0.455,0.504,1.9,2.2,0.837,0.7,2.8,3.5,2.2,1.3,0.2,1.3,2.6,13.7,1996-97,FALSE
245,George McCloud,SF,29,LAL,23,2,12.4,1.5,4.2,0.354,0.9,2.1,0.429,0.6,2,0.277,0.464,0.3,0.4,0.667,0.3,1.3,1.6,0.7,0.4,0,0.4,0.9,4.1,1996-97,FALSE
246,Xavier McDaniel,PF,33,NJN,62,5,18.9,2.2,5.7,0.389,0.1,0.4,0.2,2.1,5.3,0.403,0.396,1,1.4,0.73,2,3.1,5.1,1,0.6,0.3,1.1,2.3,5.6,1996-97,FALSE
247,Antonio McDyess,PF,22,DEN,74,73,34.7,7.2,15.6,0.463,0.1,0.5,0.171,7.2,15.2,0.472,0.466,3.7,5.2,0.708,2.1,5.2,7.3,1.4,0.8,1.7,2.7,3.7,18.3,1996-97,FALSE
248,Jim McIlvaine,C,24,SEA,82,79,18,1.6,3.4,0.471,0,0.1,0.143,1.6,3.3,0.48,0.473,0.6,1.3,0.495,1.6,2.4,4,0.3,0.5,2,0.8,3,3.8,1996-97,FALSE
249,Jeff McInnis,PG,22,DEN,13,0,9,1.8,3.8,0.469,0.9,2,0.462,0.8,1.8,0.478,0.592,0.5,0.8,0.7,0.2,0.3,0.5,1.4,0.2,0.1,1,1.2,5,1996-97,FALSE
250,Derrick McKey,SF,30,IND,50,49,29,3,7.6,0.391,0.3,1.2,0.259,2.7,6.4,0.414,0.41,1.8,2.5,0.724,1.6,3.2,4.8,2.7,0.9,0.6,1.7,2.8,8,1996-97,FALSE
251,Aaron McKie,SG,24,TOT,83,11,19.6,1.8,4.4,0.411,0.5,1.2,0.398,1.3,3.2,0.416,0.467,1.1,1.3,0.836,0.5,2.2,2.7,1.9,0.9,0.3,1.1,1.6,5.2,1996-97,FALSE
251,Aaron McKie,SG,24,POR,41,8,18.9,1.3,3.8,0.34,0.6,1.3,0.418,0.7,2.5,0.297,0.413,1,1.2,0.837,0.3,2,2.3,2,0.8,0.4,1.2,1.5,4.1,1996-97,FALSE
251,Aaron McKie,SG,24,DET,42,3,20.2,2.3,5,0.464,0.4,1.1,0.375,1.9,3.8,0.491,0.507,1.2,1.5,0.836,0.6,2.4,3,1.8,1,0.2,1,1.6,6.3,1996-97,FALSE
252,Nate McMillan,PG,32,SEA,37,2,21.6,1.6,4,0.409,0.8,2.3,0.333,0.9,1.8,0.508,0.503,0.5,0.8,0.655,0.4,2.8,3.2,3.8,1.6,0.2,0.9,2.1,4.6,1996-97,FALSE
253,Loren Meyer,PF,24,TOT,54,33,13.1,2,4.5,0.443,0.1,0.1,0.571,1.9,4.4,0.439,0.451,0.9,1.2,0.719,1,1.7,2.7,0.4,0.2,0.3,1.1,2.3,4.9,1996-97,FALSE
253,Loren Meyer,PF,24,DAL,19,16,13.6,1.8,4.1,0.436,0.1,0.1,0.5,1.7,4,0.434,0.442,0.5,0.6,0.75,0.7,1.8,2.6,0.4,0.3,0.2,1.4,2.7,4.1,1996-97,FALSE
253,Loren Meyer,PF,24,PHO,35,17,12.8,2.1,4.7,0.446,0.1,0.1,0.6,2,4.6,0.441,0.455,1.1,1.5,0.712,1.1,1.6,2.7,0.3,0.1,0.3,1,2.1,5.4,1996-97,FALSE
254,Anthony Miller,PF,25,ATL,1,0,14,0,5,0,0,0,,0,5,0,0,0,0,,2,5,7,0,0,0,0,2,0,1996-97,FALSE
255,Oliver Miller,C,26,TOT,61,8,18.9,2,3.9,0.517,0,0,0,2,3.9,0.521,0.517,0.8,1.3,0.608,1.7,3.3,5,1.4,0.8,1,1.5,3,4.8,1996-97,FALSE
255,Oliver Miller,C,26,DAL,42,0,19.9,1.8,3.7,0.494,0,0,0,1.8,3.6,0.497,0.494,0.7,1.3,0.528,2,3.6,5.5,1.4,0.8,1.2,1.7,3.2,4.3,1996-97,FALSE
255,Oliver Miller,C,26,TOR,19,8,16.6,2.5,4.4,0.56,0,0.1,0,2.5,4.4,0.566,0.56,1.1,1.4,0.769,1.2,2.6,3.8,1.5,0.7,0.7,1.1,2.5,6,1996-97,FALSE
256,Reggie Miller*,SG,31,IND,81,81,36.6,6.8,15.4,0.444,2.8,6.6,0.427,4,8.7,0.456,0.536,5.2,5.9,0.88,0.7,2.9,3.5,3.4,0.9,0.3,2,2.1,21.6,1996-97,FALSE
257,Chris Mills,SF,27,CLE,80,79,39.6,5.1,11.2,0.453,1.1,2.8,0.391,4,8.4,0.473,0.501,2.2,2.6,0.842,1.5,4.7,6.2,2.5,1.1,0.5,1.5,2.8,13.4,1996-97,FALSE
258,Terry Mills,PF,29,DET,79,5,25.3,3.9,8.9,0.444,2.2,5.3,0.422,1.7,3.6,0.477,0.569,0.7,0.9,0.829,0.9,3.9,4.8,1.3,0.4,0.3,1.1,2,10.8,1996-97,FALSE
259,Greg Minor,SF,25,BOS,23,15,23.8,4.1,8.5,0.48,0,0.3,0.125,4,8.2,0.495,0.482,1.3,1.6,0.861,1.3,2.2,3.5,1.5,0.7,0.1,1,2,9.6,1996-97,FALSE
260,Sam Mitchell,SF,33,MIN,82,5,24.9,3.3,7.4,0.446,0,0.3,0.16,3.2,7,0.458,0.449,2.7,3.6,0.759,1.4,2.6,4,1,0.6,0.2,1.1,2.8,9.3,1996-97,FALSE
261,Eric Mobley,C,26,VAN,28,8,11,1,2.3,0.444,0,0,,1,2.3,0.444,0.444,0.6,1.1,0.533,1.1,1,2.1,0.5,0.2,0.4,1,1.6,2.6,1996-97,FALSE
262,Eric Montross,C,25,TOT,78,77,23.4,2,4.5,0.456,0,0,,2,4.5,0.456,0.456,0.3,0.8,0.339,2.3,4.3,6.6,0.8,0.3,0.9,1,3.4,4.3,1996-97,FALSE
262,Eric Montross,C,25,DAL,47,46,20.9,1.8,4,0.46,0,0,,1.8,4,0.46,0.46,0.2,0.7,0.294,1.4,3.6,5,0.7,0.2,0.7,1.1,3.2,3.9,1996-97,FALSE
262,Eric Montross,C,25,NJN,31,31,27.2,2.4,5.2,0.451,0,0,,2.4,5.2,0.451,0.451,0.4,0.9,0.393,3.7,5.4,9.1,0.9,0.4,1.3,0.8,3.8,5.1,1996-97,FALSE
263,Tracy Moore,SG,31,HOU,27,1,8.8,1.2,3.1,0.388,0.4,1.6,0.256,0.8,1.6,0.524,0.453,0.8,1.1,0.71,0.4,0.6,1,0.7,0.2,0,0.5,0.7,3.7,1996-97,FALSE
264,Chris Morris,SF,31,UTA,73,1,13.4,1.7,4.1,0.408,0.4,1.5,0.274,1.2,2.5,0.489,0.46,0.5,0.7,0.722,0.5,1.7,2.2,0.6,0.4,0.3,0.6,1.7,4.3,1996-97,FALSE
265,Lawrence Moten,SG,24,VAN,67,18,18.1,2.6,6.6,0.388,0.6,2.1,0.291,1.9,4.5,0.433,0.434,1,1.5,0.646,0.6,1.1,1.8,1.9,0.7,0.4,1.2,1.2,6.7,1996-97,FALSE
266,Alonzo Mourning*,C,26,MIA,66,65,35.2,7.2,13.4,0.534,0,0.1,0.111,7.2,13.3,0.539,0.535,5.5,8.6,0.642,2.9,7.1,9.9,1.6,0.8,2.9,3.4,4.1,19.8,1996-97,FALSE
267,Chris Mullin*,SF,33,GSW,79,63,34.6,5.5,10,0.553,1.1,2.6,0.411,4.5,7.5,0.602,0.605,2.3,2.7,0.864,0.9,3.1,4,4.1,1.6,0.4,2.4,2,14.5,1996-97,FALSE
268,Eric Murdock,PG,28,DEN,12,0,9.5,1.3,2.8,0.455,0.3,0.8,0.4,0.9,1.9,0.478,0.515,0.9,1,0.917,0.1,0.8,0.9,2,0.8,0.2,0.9,0.8,3.8,1996-97,FALSE
269,Gheorghe Mure?an,C,25,WSB,73,69,25.3,4.5,7.4,0.604,0,0,,4.5,7.4,0.604,0.604,1.7,2.7,0.618,1.9,4.7,6.6,0.4,0.6,1.3,1.6,3.2,10.6,1996-97,FALSE
270,Lamond Murray,SF,23,LAC,74,1,17.5,2.4,5.9,0.416,0.4,1.2,0.341,2,4.6,0.436,0.452,2.1,2.9,0.739,1.1,2,3.1,0.8,0.7,0.4,1.2,1.5,7.4,1996-97,FALSE
271,Tracy Murray,SF,25,WSB,82,1,22.1,3.5,8.3,0.425,1.3,3.7,0.353,2.2,4.6,0.481,0.503,1.6,2,0.839,1,2.1,3.1,1,0.8,0.2,1,1.8,10,1996-97,FALSE
272,Dikembe Mutombo*,C,30,ATL,80,80,37.2,4.8,9,0.527,0,0,,4.8,9,0.527,0.527,3.8,5.4,0.705,3.4,8.3,11.6,1.4,0.6,3.3,2.3,3.1,13.3,1996-97,FALSE
273,Martin MÃ¼Ã¼rsepp,PF,22,TOT,42,0,8.3,1.3,3.1,0.412,0.1,0.6,0.167,1.2,2.5,0.467,0.427,1,1.7,0.629,0.8,0.8,1.6,0.5,0.3,0.3,0.4,1.4,3.7,1996-97,FALSE
273,Martin MÃ¼Ã¼rsepp,PF,22,MIA,10,0,2.7,0.5,1.4,0.357,0.1,0.4,0.25,0.4,1,0.4,0.393,0.6,1.4,0.429,0.2,0.3,0.5,0.3,0,0.1,0.3,0.3,1.7,1996-97,FALSE
273,Martin MÃ¼Ã¼rsepp,PF,22,DAL,32,0,10,1.5,3.7,0.419,0.1,0.6,0.15,1.4,3,0.474,0.432,1.2,1.8,0.679,1,0.9,1.9,0.5,0.4,0.3,0.5,1.7,4.3,1996-97,FALSE
274,Steve Nash*,PG,22,PHO,65,2,10.5,1.1,2.7,0.423,0.4,0.8,0.418,0.8,1.8,0.425,0.489,0.6,0.8,0.824,0.2,0.7,1,2.1,0.3,0,1,1.4,3.3,1996-97,FALSE
275,Ruben Nembhard,SG-PG,24,TOT,10,0,11.3,1.6,3.7,0.432,0,0.6,0,1.6,3.1,0.516,0.432,0.8,1,0.8,0.3,0.5,0.8,1.7,0.9,0,0.8,1.2,4,1996-97,FALSE
275,Ruben Nembhard,SG,24,UTA,8,0,11.8,1.5,3.6,0.414,0,0.5,0,1.5,3.1,0.48,0.414,1,1.3,0.8,0.4,0.6,1,1.5,0.8,0,0.4,1.1,4,1996-97,FALSE
275,Ruben Nembhard,PG,24,POR,2,0,9.5,2,4,0.5,0,1,0,2,3,0.667,0.5,0,0,,0,0,0,2.5,1.5,0,2.5,1.5,4,1996-97,FALSE
276,Ivano Newbill,PF,26,ATL,72,2,11.8,0.6,1.3,0.44,0,0,,0.6,1.3,0.44,0.44,0.3,0.7,0.385,1.1,1.8,2.8,0.3,0.4,0.2,0.6,1.6,1.4,1996-97,FALSE
277,Johnny Newman,SF,33,MIL,82,4,25.1,3,6.7,0.45,0.4,1.2,0.347,2.6,5.5,0.472,0.481,2.3,3,0.765,0.8,1.5,2.3,1.4,0.9,0.2,1.4,3.1,8.7,1996-97,FALSE
278,Gaylon Nickerson,SG,27,TOT,4,0,10.5,1,3,0.333,0,0.5,0,1,2.5,0.4,0.333,1.8,1.8,1,0.3,1,1.3,0.3,0.3,0.3,0.3,0.3,3.8,1996-97,FALSE
278,Gaylon Nickerson,SG,27,SAS,3,0,12,1,3,0.333,0,0.3,0,1,2.7,0.375,0.333,2.3,2.3,1,0.3,1,1.3,0.3,0,0.3,0,0.3,4.3,1996-97,FALSE
278,Gaylon Nickerson,SG,27,WSB,1,0,6,1,3,0.333,0,1,0,1,2,0.5,0.333,0,0,,0,1,1,0,1,0,1,0,2,1996-97,FALSE
279,Ken Norman,SF,32,ATL,17,0,12.9,1.6,5.5,0.287,0.4,2.2,0.158,1.2,3.3,0.375,0.319,0.2,0.7,0.333,0.5,1.8,2.3,0.7,0.4,0.2,1.1,1,3.8,1996-97,FALSE
280,Moochie Norris,PG,23,VAN,8,0,11.1,0.5,2.8,0.182,0.3,1.3,0.2,0.3,1.5,0.167,0.227,0.3,0.6,0.4,0.4,1.1,1.5,2.9,0.5,0,0.6,0.6,1.5,1996-97,FALSE
281,Ed O'Bannon,SF,24,TOT,64,5,12.6,1.5,4.4,0.333,0.3,1.1,0.257,1.2,3.3,0.359,0.366,0.5,0.5,0.886,0.8,1.5,2.3,0.6,0.5,0.2,0.3,1.5,3.7,1996-97,FALSE
281,Ed O'Bannon,SF,24,NJN,45,5,14.1,1.7,4.6,0.367,0.4,1.3,0.283,1.3,3.3,0.401,0.408,0.4,0.5,0.87,0.9,1.6,2.5,0.6,0.5,0.2,0.3,1.7,4.2,1996-97,FALSE
281,Ed O'Bannon,SF,24,DAL,19,0,9.2,0.9,3.8,0.236,0.1,0.5,0.1,0.8,3.3,0.258,0.243,0.6,0.6,0.917,0.5,1.4,1.9,0.6,0.3,0.1,0.3,1,2.4,1996-97,FALSE
282,Jermaine O'Neal,PF,18,POR,45,0,10.2,1.5,3.4,0.451,0,0,0,1.5,3.4,0.454,0.451,1,1.7,0.603,0.9,1.9,2.8,0.2,0,0.6,0.6,1,4.1,1996-97,FALSE
283,Shaquille O'Neal*,C,24,LAL,51,51,38.1,10.8,19.4,0.557,0,0.1,0,10.8,19.4,0.559,0.557,4.5,9.4,0.484,3.8,8.7,12.5,3.1,0.9,2.9,2.9,3.5,26.2,1996-97,FALSE
284,Charles Oakley,PF,33,NYK,80,80,35.9,4.2,8.7,0.488,0.1,0.2,0.263,4.2,8.4,0.495,0.492,2.3,2.8,0.808,3.1,6.7,9.8,2.8,1.4,0.3,2.1,3.8,10.8,1996-97,FALSE
285,Hakeem Olajuwon*,C,34,HOU,78,78,36.6,9.3,18.3,0.51,0.1,0.2,0.313,9.3,18.1,0.512,0.512,4.5,5.7,0.787,2.2,7,9.2,3,1.5,2.2,3.6,3.2,23.2,1996-97,FALSE
286,Jimmy Oliver,SG,27,TOR,4,0,10.8,1,3.3,0.308,0.3,1.5,0.167,0.8,1.8,0.429,0.346,0.5,0.5,1,0.3,1,1.3,0.3,0.5,0,0.8,0.5,2.8,1996-97,FALSE
287,Greg Ostertag,C,23,UTA,77,70,23.6,2.7,5.3,0.515,0,0.1,0,2.7,5.2,0.52,0.515,1.8,2.7,0.678,2.3,5,7.3,0.4,0.3,2,1,3,7.3,1996-97,FALSE
288,Bo Outlaw,PF,25,LAC,82,25,26.8,3.1,5.1,0.609,0,0.1,0,3.1,5,0.621,0.609,1.4,2.8,0.504,2.1,3.4,5.5,1.9,1.1,1.7,1.3,2.8,7.6,1996-97,FALSE
289,Doug Overton,PG,27,PHI,61,4,10.4,1.3,3.1,0.426,0.2,0.7,0.25,1.2,2.5,0.473,0.453,0.7,0.8,0.938,0.3,0.8,1.1,1.7,0.4,0,0.6,0.7,3.6,1996-97,FALSE
290,Billy Owens,SF,27,SAC,66,56,30.2,4.5,9.7,0.467,0.4,1.1,0.347,4.2,8.6,0.482,0.487,1.5,2.2,0.697,2,3.9,5.9,2.8,0.9,0.4,2,2.8,11,1996-97,FALSE
291,Ray Owes,PF,24,GSW,57,1,10.4,1.3,3.2,0.417,0,0.1,0.2,1.3,3.1,0.423,0.419,0.5,0.8,0.565,1.1,1.7,2.9,0.3,0.3,0.4,0.4,1.5,3.1,1996-97,FALSE
292,Robert Pack,PG,27,TOT,54,42,33,5,12.8,0.392,0.6,2.1,0.277,4.5,10.8,0.415,0.415,3.6,4.5,0.807,0.5,2.2,2.7,8.4,1.7,0.1,4,2.6,14.3,1996-97,FALSE
292,Robert Pack,PG,27,NJN,34,31,34.9,5.7,13.9,0.407,0.6,2.2,0.297,5,11.8,0.428,0.43,3.9,5,0.788,0.4,2.1,2.5,9.6,1.7,0.1,4.4,2.4,15.9,1996-97,FALSE
292,Robert Pack,PG,27,DAL,20,11,29.9,4,11,0.361,0.5,1.9,0.237,3.5,9.1,0.387,0.381,3.1,3.7,0.849,0.7,2.4,3,6.4,1.8,0.2,3.4,2.8,11.5,1996-97,FALSE
293,Robert Parish*,C,43,CHI,43,3,9.4,1.6,3.3,0.49,0,0,,1.6,3.3,0.49,0.49,0.5,0.7,0.677,1,1.1,2.1,0.5,0.1,0.4,0.7,0.9,3.7,1996-97,FALSE
294,Cherokee Parks,PF,24,MIN,76,0,12.6,1.4,2.7,0.51,0,0,0,1.4,2.6,0.512,0.51,0.6,1,0.605,1.1,1.5,2.6,0.4,0.5,0.6,0.4,2,3.3,1996-97,FALSE
295,Gary Payton*,PG,28,SEA,82,82,39.2,8.6,18.1,0.476,1.5,4.6,0.313,7.2,13.4,0.533,0.517,3.1,4.3,0.715,1.3,3.3,4.6,7.1,2.4,0.2,2.6,2.5,21.8,1996-97,FALSE
296,Anthony Peeler,SG,27,VAN,72,57,31.8,5.6,14,0.398,1.8,4.8,0.373,3.8,9.3,0.41,0.461,1.5,1.8,0.82,0.8,2.7,3.4,3.6,1.5,0.2,2.2,2.3,14.5,1996-97,FALSE
297,Will Perdue,C,31,SAS,65,34,29.5,3.6,6.3,0.568,0,0,,3.6,6.3,0.568,0.568,1.5,2.6,0.579,3.9,6,9.8,0.6,0.5,1.6,1.3,2.8,8.7,1996-97,FALSE
298,Sam Perkins,C,35,SEA,81,4,24.4,3.6,8.2,0.439,1.5,3.8,0.395,2.1,4.3,0.477,0.531,2.3,2.8,0.817,0.9,2.8,3.7,1.3,0.9,0.6,1,1.7,11,1996-97,FALSE
299,Elliot Perry,PG,27,MIL,82,3,19.5,2.6,5.6,0.474,0.6,1.7,0.358,2,3.9,0.523,0.527,1,1.3,0.745,0.3,1.2,1.5,3,1.2,0,1.4,1.4,6.9,1996-97,FALSE
300,Wesley Person,SG,25,PHO,80,42,29.1,5.1,11.3,0.453,2.1,5.2,0.413,3,6.1,0.487,0.548,1.1,1.4,0.798,0.9,2.8,3.7,1.5,1.1,0.3,1,1.3,13.5,1996-97,FALSE
301,Bobby Phills,SG,27,CLE,69,65,34.4,4.8,11.1,0.428,1.2,3.1,0.394,3.5,8,0.442,0.484,1.8,2.5,0.718,0.9,2.6,3.6,3.4,1.6,0.3,2,2.5,12.6,1996-97,FALSE
302,Eric Piatkowski,SG,26,LAC,65,0,11.5,2.1,4.6,0.45,0.8,1.8,0.425,1.3,2.7,0.466,0.535,1.1,1.3,0.821,0.8,0.9,1.6,0.8,0.5,0.2,0.7,1.3,6,1996-97,FALSE
303,Ricky Pierce,SG,37,TOT,60,27,20.8,4,8.3,0.481,0.7,1.6,0.442,3.3,6.7,0.49,0.523,2.3,2.6,0.897,0.6,1.4,2,1.3,0.5,0.2,1.1,1.6,11,1996-97,FALSE
303,Ricky Pierce,SG,37,DEN,33,10,18.2,3.6,7.9,0.462,0.4,1.2,0.308,3.3,6.7,0.489,0.485,2.5,2.8,0.902,0.5,1.1,1.6,0.9,0.4,0.2,1.2,1.5,10.2,1996-97,FALSE
303,Ricky Pierce,SG,37,CHH,27,17,24.1,4.4,8.8,0.502,1.1,2.1,0.536,3.3,6.7,0.492,0.565,2.1,2.3,0.889,0.7,1.8,2.5,1.8,0.5,0.1,1.1,1.8,12,1996-97,FALSE
304,Ed Pinckney,PF,33,MIA,27,0,10.1,0.9,1.6,0.535,0,0,,0.9,1.6,0.535,0.535,0.7,0.9,0.8,0.9,1.5,2.4,0.2,0.3,0.3,0.7,1.1,2.4,1996-97,FALSE
305,Scottie Pippen*,SF,31,CHI,82,82,37.7,7.9,16.7,0.474,1.9,5.2,0.368,6,11.5,0.522,0.531,2.5,3.5,0.701,2,4.5,6.5,5.7,1.9,0.5,2.6,2.6,20.2,1996-97,FALSE
306,Olden Polynice,C,32,SAC,82,82,35.3,5.4,11.8,0.457,0,0.1,0,5.4,11.7,0.46,0.457,1.7,3.1,0.562,3.3,6.1,9.4,2.2,0.6,1,2,3.6,12.5,1996-97,FALSE
307,Terry Porter,PG,33,MIN,82,20,19.1,2.3,5.5,0.416,0.8,2.4,0.335,1.5,3,0.482,0.491,1.5,2,0.765,0.4,1.8,2.1,3.6,0.7,0.1,1.6,1.3,6.9,1996-97,FALSE
308,Vitaly Potapenko,C,21,CLE,80,3,15.5,2.3,5.3,0.44,0,0,0.5,2.3,5.3,0.439,0.441,1.2,1.6,0.736,1.3,1.4,2.7,0.5,0.3,0.4,1.4,2.7,5.8,1996-97,FALSE
309,Brent Price,PG,28,HOU,25,0,15.6,1.8,4.2,0.419,0.7,2.1,0.321,1.1,2.1,0.519,0.5,0.8,0.8,1,0.4,0.8,1.2,2.6,0.7,0,1.3,1.4,5,1996-97,FALSE
310,Mark Price,PG,32,GSW,70,49,26.8,3.8,8.4,0.447,1.6,4,0.396,2.2,4.4,0.493,0.542,2.2,2.4,0.906,0.5,2,2.6,4.9,1,0,2.3,1.4,11.3,1996-97,FALSE
311,Theo Ratliff,C,23,DET,76,38,17,2.4,4.4,0.531,0,0,,2.4,4.4,0.531,0.531,1.1,1.5,0.698,1.4,1.9,3.4,0.2,0.4,1.5,0.7,2.4,5.8,1996-97,FALSE
312,Dino Radja*,C,29,BOS,25,25,35,6,13.6,0.44,0,0,0,6,13.5,0.441,0.44,2,2.8,0.718,1.8,6.7,8.4,1.9,0.9,1.9,2.8,3,14,1996-97,FALSE
313,Eldridge Recasner,SG,29,ATL,71,4,17,2.1,4.9,0.423,0.8,2,0.414,1.3,3,0.429,0.506,0.7,0.8,0.879,0.5,1.1,1.6,1.3,0.5,0.1,0.9,1.4,5.7,1996-97,FALSE
314,Bryant Reeves,C,23,VAN,75,75,37,6.6,13.7,0.486,0,0.1,0.091,6.6,13.5,0.49,0.486,2.9,4.1,0.704,2.3,5.8,8.1,2.1,0.4,0.9,2.3,3.6,16.2,1996-97,FALSE
315,Khalid Reeves,PG,24,TOT,63,30,22.7,2.9,7.5,0.391,1.3,3.6,0.366,1.6,3.9,0.416,0.48,1,1.4,0.747,0.5,1.3,1.9,3.6,0.5,0.1,1.7,2.5,8.2,1996-97,FALSE
315,Khalid Reeves,PG,24,NJN,50,18,21,2.8,7.2,0.393,1.5,3.8,0.396,1.3,3.3,0.389,0.499,1.1,1.5,0.747,0.4,1.3,1.8,3.4,0.5,0.1,1.6,2.4,8.3,1996-97,FALSE
315,Khalid Reeves,PG,24,DAL,13,12,29.5,3.3,8.5,0.387,0.5,2.7,0.2,2.8,5.8,0.474,0.419,0.7,0.9,0.75,0.9,1.5,2.4,4.3,0.8,0.2,2,3.1,7.8,1996-97,FALSE
316,Don Reid,PF,23,DET,47,14,9.8,1.1,2.4,0.482,0,0,0,1.1,2.4,0.486,0.482,0.5,0.7,0.75,0.8,1.4,2.1,0.3,0.3,0.3,0.5,2.2,2.8,1996-97,FALSE
317,Shawn Respert,SG,24,TOT,41,0,12.1,1.4,3.4,0.424,0.5,1.4,0.351,1,2,0.476,0.496,0.8,1,0.872,0.3,0.6,1,1,0.5,0,0.7,1,4.2,1996-97,FALSE
317,Shawn Respert,SG,24,MIL,14,0,5.9,0.4,1.4,0.316,0.1,0.6,0.111,0.4,0.7,0.5,0.342,0.5,0.5,1,0.2,0.3,0.5,0.6,0,0,0.6,0.4,1.4,1996-97,FALSE
317,Shawn Respert,SG,24,TOR,27,0,15.3,2,4.4,0.442,0.7,1.8,0.396,1.3,2.7,0.472,0.521,1,1.2,0.844,0.4,0.8,1.2,1.2,0.7,0.1,0.8,1.3,5.6,1996-97,FALSE
318,Glen Rice,SF,29,CHH,79,78,42.6,9.1,19.2,0.477,2.6,5.6,0.47,6.5,13.6,0.48,0.546,5.9,6.8,0.867,0.8,3.2,4,2,0.9,0.3,2.2,2.4,26.8,1996-97,FALSE
319,Pooh Richardson,PG,30,LAC,59,18,18.1,2.2,5.8,0.381,0.7,2.2,0.328,1.5,3.7,0.412,0.442,0.4,0.7,0.605,0.4,1.2,1.7,2.9,0.9,0.1,1.1,1.4,5.6,1996-97,FALSE
320,Mitch Richmond*,SG,31,SAC,81,81,38.6,8.9,19.5,0.454,2.5,5.9,0.428,6.3,13.6,0.466,0.519,5.6,6.6,0.861,0.7,3.2,3.9,4.2,1.5,0.3,2.9,2.6,25.9,1996-97,FALSE
321,Isaiah Rider,SG,25,POR,76,68,33.7,6,12.9,0.464,1.3,3.4,0.385,4.7,9.6,0.492,0.514,2.8,3.4,0.812,1.2,2.8,4,2.6,0.6,0.3,2.8,2.6,16.1,1996-97,FALSE
322,Fred Roberts,PF,36,DAL,12,0,3.3,0.5,1.3,0.4,0,0,,0.5,1.3,0.4,0.4,0.8,1.2,0.714,0.2,0.7,0.8,0,0,0.1,0.4,0.2,1.8,1996-97,FALSE
323,Stanley Roberts,C,26,LAC,18,2,21,3.5,8.2,0.426,0,0,,3.5,8.2,0.426,0.426,2.5,3.6,0.703,1.3,3.7,5.1,0.5,0.4,1.3,1.3,3.2,9.5,1996-97,FALSE
324,Chris Robinson,SG,22,VAN,41,6,16.6,1.7,4.4,0.379,0.8,2.2,0.382,0.9,2.3,0.376,0.473,0.4,0.6,0.615,0.6,1.2,1.7,1.6,0.7,0.2,0.8,2.1,4.6,1996-97,FALSE
325,Clifford Robinson,SF,30,POR,81,79,38,5.5,12.9,0.426,1.5,4.3,0.346,4,8.6,0.466,0.484,2.7,3.8,0.696,1.1,2.9,4,3.2,1.2,0.8,2.1,3.1,15.1,1996-97,FALSE
326,David Robinson*,C,31,SAS,6,6,24.5,6,12,0.5,0,0,,6,12,0.5,0.5,5.7,8.7,0.654,3.2,5.3,8.5,1.3,1,1,1.3,1.5,17.7,1996-97,FALSE
327,Glenn Robinson,SF,24,MIL,80,79,38.9,8.4,18,0.465,0.8,2.3,0.35,7.6,15.7,0.482,0.487,3.6,4.6,0.791,1.6,4.7,6.3,3.1,1.3,0.9,3.4,2.8,21.1,1996-97,FALSE
328,James Robinson,PG,26,MIN,69,5,19,2.8,7,0.407,1.5,3.9,0.382,1.4,3.1,0.437,0.512,1.1,1.7,0.684,0.3,1.3,1.6,1.8,0.4,0.1,1,1.8,8.3,1996-97,FALSE
329,Rumeal Robinson,PG,30,TOT,54,3,9.4,1.2,3,0.402,0.3,1,0.321,0.9,2,0.444,0.457,0.5,0.6,0.743,0.1,0.8,0.9,1.4,0.4,0,0.8,1.1,3.3,1996-97,FALSE
329,Rumeal Robinson,PG,30,LAL,15,3,8.4,1.1,3.2,0.354,0.4,1.5,0.261,0.7,1.7,0.44,0.417,0.3,0.5,0.625,0.1,0.5,0.7,0.9,0.3,0.1,0.7,0.8,3,1996-97,FALSE
329,Rumeal Robinson,PG,30,PHO,12,0,7.3,1.3,2.8,0.471,0.3,0.8,0.3,1.1,2,0.542,0.515,0.1,0.3,0.25,0.1,0.5,0.6,0.7,0.1,0,0.4,0.7,3,1996-97,FALSE
329,Rumeal Robinson,PG,30,POR,27,0,10.9,1.2,3,0.402,0.3,0.9,0.391,0.9,2.2,0.407,0.457,0.7,0.9,0.87,0.1,1,1.1,1.9,0.7,0,1,1.5,3.5,1996-97,FALSE
330,Dennis Rodman*,PF,35,CHI,55,54,35.4,2.3,5.2,0.448,0.1,0.3,0.263,2.2,4.9,0.461,0.456,0.9,1.6,0.568,5.8,10.2,16.1,3.1,0.6,0.3,2,3.1,5.7,1996-97,FALSE
331,Lou Roe,SF,24,GSW,17,0,6.3,0.8,2.8,0.292,0.2,0.6,0.273,0.6,2.2,0.297,0.323,0.5,1.1,0.474,0.4,0.4,0.8,0.4,0.2,0.1,0.6,0.6,2.4,1996-97,FALSE
332,Carlos Rogers,PF,25,TOR,56,3,24.9,3.8,7.2,0.525,0.4,1.2,0.379,3.3,6,0.553,0.556,1.8,3,0.6,2.1,3.3,5.4,0.7,0.8,1.2,0.9,2.5,9.8,1996-97,FALSE
333,Rodney Rogers,SF,25,LAC,81,62,30.6,5,10.9,0.462,0.8,2.2,0.361,4.2,8.7,0.487,0.498,2.4,3.6,0.663,1.7,3.4,5.1,2.7,1.1,0.8,2.7,3.4,13.2,1996-97,FALSE
334,Roy Rogers,PF,23,VAN,82,50,22.5,3,5.9,0.505,0,0,1,3,5.9,0.504,0.506,0.7,1.1,0.574,1.7,3,4.7,0.6,0.3,2,1,2.6,6.6,1996-97,FALSE
335,Sean Rooks,C,27,LAL,69,3,10.7,1.3,2.7,0.47,0,0,0,1.3,2.7,0.473,0.47,1.3,1.9,0.7,0.8,1.6,2.4,0.6,0.2,0.6,0.7,1.8,3.8,1996-97,FALSE
336,Jalen Rose,SF,24,IND,66,6,18,2.6,5.7,0.456,0.3,1.1,0.292,2.3,4.6,0.495,0.484,1.8,2.4,0.75,0.4,1.4,1.8,2.3,0.9,0.3,1.6,2.1,7.3,1996-97,FALSE
337,Malik Rose,PF,22,CHH,54,1,9.7,1.1,2.4,0.477,0,0,0,1.1,2.3,0.484,0.477,0.7,1.1,0.613,1.3,1.7,3,0.6,0.5,0.3,0.8,2.1,3,1996-97,FALSE
338,Donald Royal,SF,30,TOT,62,4,13.8,1,2.4,0.425,0,0,0,1,2.3,0.431,0.425,1.5,1.9,0.803,0.8,1.6,2.5,0.4,0.4,0.2,0.8,1.6,3.5,1996-97,FALSE
338,Donald Royal,SF,30,ORL,1,1,29,4,10,0.4,0,0,,4,10,0.4,0.4,4,4,1,1,0,1,1,0,0,3,3,12,1996-97,FALSE
338,Donald Royal,SF,30,GSW,36,1,14.1,1,2.7,0.385,0,0.1,0,1,2.6,0.394,0.385,1.7,2.2,0.795,0.9,1.7,2.6,0.4,0.3,0.3,0.6,1.5,3.8,1996-97,FALSE
338,Donald Royal,SF,30,CHH,25,2,12.8,0.8,1.6,0.525,0,0,,0.8,1.6,0.525,0.525,1.1,1.4,0.8,0.7,1.6,2.3,0.4,0.5,0.1,0.9,1.7,2.8,1996-97,FALSE
339,Clifford Rozier,C,24,TOT,42,29,17.5,1.9,4.1,0.454,0,0,0,1.9,4.1,0.459,0.454,0.7,1.5,0.508,2.4,3.1,5.6,0.7,0.6,1,0.7,2.3,4.5,1996-97,FALSE
339,Clifford Rozier,C,24,GSW,1,0,5,0,1,0,0,0,,0,1,0,0,0,0,,0,0,0,0,0,0,0,0,0,1996-97,FALSE
339,Clifford Rozier,C,24,TOR,41,29,17.9,1.9,4.2,0.457,0,0,0,1.9,4.2,0.462,0.457,0.8,1.5,0.508,2.5,3.2,5.7,0.8,0.6,1.1,0.7,2.4,4.6,1996-97,FALSE
340,Bryon Russell,SF,26,UTA,81,81,31.2,3.7,7.7,0.479,1.3,3.3,0.409,2.3,4.4,0.531,0.566,2.1,3,0.701,1,3.1,4.1,1.5,1.6,0.3,1.2,2.9,10.8,1996-97,FALSE
341,Arvydas Sabonis*,C,32,POR,69,68,25.5,4.8,9.5,0.498,0.7,1.9,0.371,4,7.6,0.53,0.536,3.2,4.2,0.777,1.7,6.3,7.9,2.1,0.9,1.2,2.2,2.9,13.4,1996-97,FALSE
342,Kevin Salvadori,C,26,SAC,23,0,6.7,0.5,1.4,0.364,0,0,,0.5,1.4,0.364,0.364,0.6,0.8,0.722,0.3,0.8,1.1,0.4,0.1,0.6,0.5,0.7,1.6,1996-97,FALSE
343,Jason Sasser,SF,23,TOT,8,0,8.6,1.1,2.9,0.391,0.1,0.4,0.333,1,2.5,0.4,0.413,0,0,,0.1,0.9,1,0.3,0.4,0,0.3,1.4,2.4,1996-97,FALSE
343,Jason Sasser,SF,23,SAS,6,0,10.3,1.3,3.2,0.421,0.2,0.3,0.5,1.2,2.8,0.412,0.447,0,0,,0,1.2,1.2,0.2,0.3,0,0.3,1.8,2.8,1996-97,FALSE
343,Jason Sasser,SF,23,DAL,2,0,3.5,0.5,2,0.25,0,0.5,0,0.5,1.5,0.333,0.25,0,0,,0.5,0,0.5,0.5,0.5,0,0,0,1,1996-97,FALSE
344,Danny Schayes,PF,37,ORL,45,6,12,1,2.7,0.392,0,0,0,1,2.6,0.395,0.392,0.9,1.2,0.75,0.9,1.9,2.8,0.3,0.3,0.4,0.6,1.6,3,1996-97,FALSE
345,Steve Scheffler,C,29,SEA,7,0,4.1,0.9,1,0.857,0,0,,0.9,1,0.857,0.857,0.1,0.3,0.5,0.1,0.3,0.4,0,0,0,0.7,0.7,1.9,1996-97,FALSE
346,Dwayne Schintzius,C,28,LAC,15,0,7.7,0.9,2.4,0.361,0.1,0.1,0.5,0.8,2.3,0.353,0.375,0.5,0.5,0.875,0.6,0.9,1.5,0.3,0.1,0.6,0.5,1.5,2.3,1996-97,FALSE
347,Detlef Schrempf,SF,34,SEA,61,60,35.9,5.8,11.9,0.492,0.9,2.6,0.354,4.9,9.2,0.531,0.531,4.1,5.2,0.801,1.4,5,6.5,4.4,1,0.3,2.5,2.5,16.8,1996-97,FALSE
348,Brent Scott,PF,25,IND,16,0,3.4,0.5,1.1,0.471,0,0,,0.5,1.1,0.471,0.471,0.2,0.4,0.5,0.2,0.4,0.6,0.2,0.1,0.1,0.3,0.9,1.2,1996-97,FALSE
349,Byron Scott,SG,35,LAL,79,8,18.2,2.1,4.8,0.43,0.9,2.4,0.388,1.1,2.4,0.471,0.526,1.6,1.9,0.841,0.3,1.2,1.5,1.3,0.6,0.2,0.7,0.9,6.7,1996-97,FALSE
350,Dennis Scott,SF,28,ORL,66,62,32.8,4.5,11.3,0.398,2.2,5.7,0.394,2.3,5.7,0.402,0.496,1.2,1.5,0.792,0.6,2.5,3.1,2.1,1.1,0.3,1.2,2.1,12.5,1996-97,FALSE
351,James Scott,SF,24,MIA,8,0,4,0,1,0,0,0.5,0,0,0.5,0,0,0.1,0.3,0.5,0.1,0.6,0.8,0.4,0.3,0,0.3,0.6,0.1,1996-97,FALSE
352,Shawnelle Scott,C,24,CLE,16,0,3.1,0.5,1,0.5,0,0,,0.5,1,0.5,0.5,0.3,0.7,0.364,0.5,0.5,1,0,0,0.2,0,0.4,1.3,1996-97,FALSE
353,Malik Sealy,SG,26,LAC,80,79,30.7,4.7,11.8,0.396,1,2.8,0.356,3.7,9,0.408,0.438,3.2,3.6,0.876,0.7,2.2,3,2.1,1.6,0.6,1.9,2.3,13.5,1996-97,FALSE
354,Rony Seikaly,C,31,ORL,74,68,35.3,6.2,12.3,0.507,0,0,0,6.2,12.2,0.509,0.507,4.8,6.8,0.714,3.7,5.8,9.5,1.2,0.7,1.4,2.9,3.7,17.3,1996-97,FALSE
355,Brian Shaw,PG,30,ORL,77,31,24.2,2.5,6.7,0.366,0.8,2.5,0.325,1.6,4.2,0.391,0.427,1.4,1.8,0.793,0.6,1.9,2.5,4.1,0.9,0.3,2.2,2.6,7.2,1996-97,FALSE
356,Lionel Simmons,SF,28,SAC,41,0,12.7,1.1,3.3,0.331,0.2,0.7,0.233,0.9,2.6,0.358,0.357,1,1.2,0.875,0.7,1.8,2.5,1.4,0.2,0.3,0.8,1.5,3.4,1996-97,FALSE
357,Dickey Simpkins,PF,24,CHI,48,0,8.2,0.6,1.9,0.333,0,0.1,0.25,0.6,1.9,0.337,0.339,0.6,0.8,0.7,0.8,1.2,1.9,0.6,0.1,0.1,0.7,0.9,1.9,1996-97,FALSE
358,Reggie Slater,PF,26,TOR,26,0,15.6,3.2,5.7,0.55,0,0.1,0,3.2,5.7,0.558,0.55,1.5,2.9,0.52,1.5,2.1,3.7,0.8,0.3,0.2,1.1,1.3,7.8,1996-97,FALSE
359,Charles Smith,PF,31,SAS,19,7,17.3,1.8,4.4,0.405,0,0.1,0,1.8,4.4,0.41,0.405,1.1,1.4,0.769,0.9,2.5,3.4,0.7,0.7,1.2,1.2,2.3,4.6,1996-97,FALSE
360,Joe Smith,PF,21,GSW,80,80,38.6,7.3,16.2,0.454,0.2,0.6,0.261,7.2,15.6,0.461,0.459,3.8,4.7,0.814,3.3,5.2,8.5,1.6,0.9,1.1,2.4,3.1,18.7,1996-97,FALSE
361,Kenny Smith,PG,31,TOT,48,3,15.9,2.1,5,0.423,1.2,2.8,0.437,0.9,2.2,0.404,0.546,0.8,0.9,0.867,0.1,0.8,0.9,2.4,0.4,0,1.5,0.6,6.3,1996-97,FALSE
361,Kenny Smith,PG,31,DET,9,0,7.1,0.9,2.2,0.4,0.6,1.1,0.5,0.3,1.1,0.3,0.525,0.2,0.2,1,0,0.6,0.6,1.1,0.1,0,0.3,0.2,2.6,1996-97,FALSE
361,Kenny Smith,PG,31,ORL,6,0,7.8,1,2.2,0.462,0.5,0.8,0.6,0.5,1.3,0.375,0.577,0.3,0.3,1,0.2,0.2,0.3,0.7,0,0,1,0.5,2.8,1996-97,FALSE
361,Kenny Smith,PG,31,DEN,33,3,19.8,2.6,6.2,0.422,1.5,3.6,0.425,1.1,2.6,0.419,0.546,1.1,1.2,0.854,0.1,1,1.1,3.1,0.5,0,1.9,0.8,7.9,1996-97,FALSE
362,Michael Smith,PF,24,SAC,81,52,31.2,2.5,4.6,0.539,0,0,,2.5,4.6,0.539,0.539,1.6,3.2,0.496,3.2,6.3,9.5,2.4,1,0.7,1.6,3.1,6.6,1996-97,FALSE
363,Steve Smith,SG,27,ATL,72,72,39.1,6.8,15.9,0.429,1.8,5.4,0.335,5,10.5,0.477,0.486,4.6,5.5,0.847,1.3,2.1,3.3,4.2,0.9,0.3,2.4,2.4,20.1,1996-97,FALSE
364,Stevin Smith,SG,25,DAL,8,0,7.5,0.8,2.3,0.333,0.1,0.8,0.167,0.6,1.5,0.417,0.361,0.1,0.1,1,0.3,1,1.3,0.5,0.1,0,0.5,1.1,1.8,1996-97,FALSE
365,Tony Smith,PG,28,CHH,69,39,18.7,2,4.9,0.409,0.5,1.4,0.323,1.5,3.4,0.445,0.457,0.6,0.9,0.644,0.6,0.8,1.4,2.2,0.7,0.3,1.1,1.6,5,1996-97,FALSE
366,Rik Smits,C,30,IND,52,52,29.2,6.8,14.1,0.486,0,0.2,0.25,6.8,13.9,0.488,0.487,3.3,4.2,0.797,2,4.9,6.9,1.3,0.4,1.1,2.4,3.4,17.1,1996-97,FALSE
367,Eric Snow,PG,23,SEA,67,0,11.6,1.1,2.4,0.451,0.1,0.2,0.267,1,2.2,0.47,0.463,0.7,1,0.712,0.3,0.8,1,2.4,0.6,0,0.7,1.4,3,1996-97,FALSE
368,Elmore Spencer,C,27,SEA,1,0,5,0,1,0,0,0,,0,1,0,0,0,0,,0,0,0,0,1,0,1,0,0,1996-97,FALSE
369,Felton Spencer,C,29,TOT,73,65,21.3,1.9,3.9,0.489,0,0,,1.9,3.9,0.489,0.489,1.3,2.2,0.584,2.2,3.5,5.7,0.3,0.5,0.7,1.2,3.8,5.1,1996-97,FALSE
369,Felton Spencer,C,29,ORL,1,1,19,2,2,1,0,0,,2,2,1,1,0,0,,5,1,6,1,0,0,1,2,4,1996-97,FALSE
369,Felton Spencer,C,29,GSW,72,64,21.4,1.9,3.9,0.486,0,0,,1.9,3.9,0.486,0.486,1.3,2.2,0.584,2.1,3.6,5.7,0.3,0.5,0.7,1.2,3.8,5.1,1996-97,FALSE
370,Latrell Sprewell,SG,26,GSW,80,79,41.9,8.1,18.1,0.449,1.8,5.2,0.354,6.3,12.9,0.488,0.5,6.2,7.3,0.843,0.7,3.9,4.6,6.3,1.7,0.6,4,1.9,24.2,1996-97,FALSE
371,Jerry Stackhouse,SG,22,PHI,81,81,39.1,6.6,16.1,0.407,1.3,4.2,0.298,5.3,11.9,0.446,0.446,6.3,8.2,0.766,1.9,2.2,4.2,3.1,1.1,0.8,3.9,2.7,20.7,1996-97,FALSE
372,John Starks,SG,31,NYK,77,1,26.5,4.8,11.1,0.431,1.9,5.3,0.369,2.8,5.8,0.488,0.519,2.2,2.9,0.769,0.5,2.2,2.7,2.8,1.2,0.1,2.1,2.5,13.8,1996-97,FALSE
373,Matt Steigenga,SF,26,CHI,2,0,6,0.5,2,0.25,0,1,0,0.5,1,0.5,0.25,0.5,1,0.5,0,1.5,1.5,1,0.5,0.5,1,0.5,1.5,1996-97,FALSE
374,Joe Stephens,PF,24,HOU,2,0,4.5,0.5,2.5,0.2,0.5,1.5,0.333,0,1,0,0.3,0,0,,1,0.5,1.5,0,1.5,0,1.5,1.5,1.5,1996-97,FALSE
375,Larry Stewart,SF,28,SEA,70,21,14,1.6,3.6,0.444,0.1,0.5,0.243,1.5,3.1,0.479,0.462,1,1.3,0.72,1.1,1.4,2.4,0.7,0.4,0.3,0.9,1.5,4.3,1996-97,FALSE
376,Bryant Stith,SG,26,DEN,52,52,34.4,4.8,11.6,0.416,1.3,3.5,0.385,3.5,8.1,0.43,0.474,3.9,4.5,0.863,1.4,2.8,4.2,2.6,1.2,0.4,1.9,2.3,14.9,1996-97,FALSE
377,John Stockton*,PG,34,UTA,82,82,35.3,5.1,9.3,0.548,0.9,2.2,0.422,4.1,7.1,0.587,0.598,3.4,4,0.846,0.5,2.2,2.8,10.5,2,0.2,3,2.4,14.4,1996-97,FALSE
378,Damon Stoudamire,PG,23,TOR,81,81,40.9,7,17.4,0.401,2.2,6.1,0.355,4.8,11.2,0.426,0.463,4.1,5,0.823,1.1,3,4.1,8.8,1.5,0.2,3.6,2,20.2,1996-97,FALSE
379,Erick Strickland,SG,23,DAL,28,15,27.1,3.6,9.1,0.398,1,3.3,0.304,2.6,5.9,0.451,0.453,2.3,2.9,0.813,0.8,2.5,3.2,2.4,1,0.2,2.4,2.7,10.6,1996-97,FALSE
380,Mark Strickland,PF,26,MIA,31,0,4.9,0.8,1.9,0.417,0,0,0,0.8,1.9,0.424,0.417,0.4,0.7,0.571,0.5,0.7,1.2,0,0.1,0.3,0.5,0.5,2,1996-97,FALSE
381,Rod Strickland,PG,30,WSB,82,81,36.5,6.3,13.5,0.466,0.2,0.9,0.169,6.1,12.5,0.488,0.472,4.5,6.1,0.738,1.2,2.9,4.1,8.9,1.7,0.2,3.3,2,17.2,1996-97,FALSE
382,Derek Strong,PF,28,ORL,82,21,24.4,3.2,7.1,0.447,0,0.2,0,3.2,7,0.457,0.447,2.1,2.7,0.803,2.1,4.2,6.3,0.9,0.6,0.2,1.2,2.4,8.5,1996-97,FALSE
383,Bob Sura,SG,23,CLE,82,23,27.7,3.1,7.2,0.431,0.6,2,0.323,2.4,5.2,0.473,0.476,2.4,3.9,0.614,0.9,2.8,3.8,4.8,1.1,0.4,2.2,2.7,9.2,1996-97,FALSE
384,Brett Szabo,C,28,BOS,70,24,9.5,0.8,1.7,0.446,0,0,0,0.8,1.7,0.45,0.446,0.6,0.9,0.738,0.8,1.6,2.4,0.2,0.2,0.5,0.6,1.7,2.2,1996-97,FALSE
385,Å½an Tabak,C,26,TOR,13,4,16.8,2.5,5.5,0.451,0,0,,2.5,5.5,0.451,0.451,1.5,2.2,0.69,1.5,2.2,3.8,1.1,0.5,0.8,1.6,2.7,6.5,1996-97,FALSE
386,Carl Thomas,SG,27,CLE,19,0,4.1,0.5,1.3,0.375,0.1,0.6,0.167,0.4,0.6,0.583,0.417,0.1,0.1,1,0.2,0.5,0.7,0.4,0.1,0.1,0.3,0.4,1.1,1996-97,FALSE
387,Kurt Thomas,PF,24,MIA,18,9,20.8,2.2,5.8,0.371,0,0.1,0,2.2,5.8,0.375,0.371,1.9,2.6,0.761,1.7,4.2,5.9,0.5,0.7,0.5,1.4,3.7,6.3,1996-97,FALSE
388,Brooks Thompson,PG,26,TOT,67,6,15.7,2.4,6.1,0.399,1.4,3.6,0.398,1,2.4,0.401,0.518,0.4,0.6,0.632,0.3,1.2,1.4,2.7,0.8,0,1.3,1.9,6.6,1996-97,FALSE
388,Brooks Thompson,PG,26,UTA,2,0,4,0,0.5,0,0,0,,0,0.5,0,0,0,0,,0,0,0,0.5,0,0,0.5,0.5,0,1996-97,FALSE
388,Brooks Thompson,PG,26,DEN,65,6,16.1,2.5,6.2,0.4,1.5,3.8,0.398,1,2.5,0.404,0.52,0.4,0.6,0.632,0.3,1.2,1.5,2.8,0.8,0,1.3,1.9,6.8,1996-97,FALSE
389,LaSalle Thompson,C,35,TOT,26,0,5.4,0.1,0.7,0.158,0,0,,0.1,0.7,0.158,0.158,0.2,0.2,0.667,0.3,1,1.3,0.1,0.1,0.2,0.3,1.3,0.4,1996-97,FALSE
389,LaSalle Thompson,C,35,DEN,17,0,6.2,0.2,0.9,0.188,0,0,,0.2,0.9,0.188,0.188,0.1,0.1,0.5,0.3,1.2,1.5,0,0.2,0.4,0.4,1.5,0.4,1996-97,FALSE
389,LaSalle Thompson,C,35,IND,9,0,3.9,0,0.3,0,0,0,,0,0.3,0,0,0.3,0.4,0.75,0.2,0.7,0.9,0.2,0,0,0.2,0.8,0.3,1996-97,FALSE
390,Otis Thorpe,C,34,DET,79,79,33.7,5.3,10,0.532,0,0,0,5.3,9.9,0.534,0.532,2.5,3.8,0.653,2.9,5,7.9,1.7,0.7,0.2,1.8,3.8,13.1,1996-97,FALSE
391,Sedale Threatt,SG,35,HOU,21,0,15.9,1.3,3.5,0.378,0.4,1,0.4,1,2.6,0.37,0.432,0.3,0.4,0.75,0.2,0.9,1.1,1.9,0.7,0.1,0.6,1.4,3.3,1996-97,FALSE
392,Wayman Tisdale,PF,32,PHO,53,15,14.7,3,7,0.426,0,0,,3,7,0.426,0.426,0.6,0.9,0.625,0.7,1.6,2.3,0.4,0.2,0.4,0.7,2.1,6.5,1996-97,FALSE
393,Keith Tower,C,26,MIL,5,1,14.4,0.6,1.6,0.375,0,0,,0.6,1.6,0.375,0.375,0.2,1.6,0.125,0.4,1.4,1.8,0.2,0.4,0.2,0.4,2.4,1.4,1996-97,FALSE
394,Gary Trent,PF,22,POR,82,28,23.4,4.4,8.2,0.536,0,0.1,0,4.4,8.1,0.544,0.536,2,2.8,0.699,1.9,3.3,5.2,1.1,0.6,0.4,1.6,2.3,10.8,1996-97,FALSE
395,Nick Van Exel,PG,25,LAL,79,79,37.2,5.5,13.6,0.402,2.2,5.9,0.378,3.2,7.7,0.42,0.484,2.1,2.5,0.825,0.6,2.3,2.9,8.5,0.9,0.1,2.7,1.4,15.3,1996-97,FALSE
396,David Vaughn,PF,23,ORL,35,6,8.5,0.9,2.1,0.431,0,0,,0.9,2.1,0.431,0.431,0.5,0.9,0.633,1,1.7,2.7,0.2,0.2,0.4,0.8,1.2,2.3,1996-97,FALSE
397,Loy Vaught,PF,28,LAC,82,82,34.6,6.6,13.2,0.5,0,0.1,0.167,6.6,13.1,0.504,0.501,1.6,2.3,0.702,2.7,7.3,10,1.3,1,0.3,1.7,2.9,14.9,1996-97,FALSE
398,Stojko Vrankovi?,C,33,MIN,53,35,14.5,1.5,2.6,0.561,0,0,,1.5,2.6,0.561,0.561,0.5,0.7,0.676,1.1,2.1,3.2,0.3,0.2,1.3,1,2.3,3.4,1996-97,FALSE
399,Antoine Walker,PF,20,BOS,82,68,36.2,7,16.5,0.425,0.6,1.9,0.327,6.4,14.6,0.438,0.445,2.8,4.5,0.631,3.5,5.5,9,3.2,1.3,0.6,2.8,3.3,17.5,1996-97,FALSE
400,Samaki Walker,PF,20,DAL,43,12,14,1.9,4.3,0.444,0,0,0,1.9,4.3,0.446,0.444,1.1,1.7,0.649,1.1,2.3,3.4,0.4,0.3,0.5,0.9,1.7,5,1996-97,FALSE
401,Ben Wallace*,PF,22,WSB,34,0,5.8,0.5,1.4,0.348,0,0,,0.5,1.4,0.348,0.348,0.2,0.6,0.3,0.7,1,1.7,0.1,0.2,0.3,0.5,0.8,1.1,1996-97,FALSE
402,John Wallace,SF,22,NYK,68,6,11.6,1.8,3.5,0.517,0,0.1,0.5,1.8,3.4,0.517,0.521,1.2,1.6,0.718,0.8,1.5,2.3,0.5,0.3,0.4,1.1,1.5,4.8,1996-97,FALSE
403,Rasheed Wallace,PF,22,POR,62,56,30.5,6.1,11,0.558,0.1,0.5,0.273,6,10.5,0.573,0.565,2.7,4.3,0.638,2,4.8,6.8,1.2,0.8,1,1.8,3.2,15.1,1996-97,FALSE
404,Rex Walters,SG,26,PHI,59,16,17.6,2.5,5.5,0.455,1,2.5,0.385,1.5,3,0.514,0.543,0.8,1.1,0.79,0.4,1.5,1.8,1.9,0.5,0.1,1,1.3,6.8,1996-97,FALSE
405,Charlie Ward,PG,26,NYK,79,21,22.3,1.7,4.3,0.395,0.6,1.9,0.312,1.1,2.3,0.464,0.466,1.2,1.6,0.76,0.6,2.2,2.8,4.1,1.1,0.2,1.9,2.4,5.2,1996-97,FALSE
406,Jamie Watson,SF,24,TOT,23,6,14.8,1.3,3.1,0.431,0.2,0.5,0.333,1.2,2.6,0.45,0.458,0.5,0.7,0.75,0.8,1.3,2,1.4,1,0.2,1,1.5,3.4,1996-97,FALSE
406,Jamie Watson,SF,24,UTA,13,0,9.9,0.8,1.9,0.44,0.1,0.2,0.333,0.8,1.7,0.455,0.46,0.8,0.9,0.833,0.3,1.1,1.4,0.8,0.8,0.2,0.7,1.2,2.5,1996-97,FALSE
406,Jamie Watson,SF,24,DAL,10,6,21.1,2,4.7,0.426,0.3,0.9,0.333,1.7,3.8,0.447,0.457,0.2,0.4,0.5,1.4,1.5,2.9,2.3,1.1,0.2,1.5,1.8,4.5,1996-97,FALSE
407,Clarence Weatherspoon,SF,26,PHI,82,82,36,4.9,9.9,0.491,0,0.1,0.167,4.8,9.8,0.493,0.491,2.5,3.4,0.738,2.7,5.6,8.3,1.7,0.9,1,1.7,2.3,12.2,1996-97,FALSE
408,Chris Webber*,PF,23,WSB,72,72,39,8.4,16.2,0.518,0.8,2.1,0.397,7.6,14.1,0.535,0.543,2.5,4.3,0.565,3.3,7,10.3,4.6,1.7,1.9,3.2,3.6,20.1,1996-97,FALSE
409,Bill Wennington,C,33,CHI,61,19,12.8,1.9,3.9,0.498,0,0,0,1.9,3.9,0.502,0.498,0.7,0.9,0.83,0.8,1.4,2.1,0.7,0.2,0.2,0.5,2.2,4.6,1996-97,FALSE
410,Robert Werdann,C,26,NJN,6,0,5.2,0.5,1.2,0.429,0,0,,0.5,1.2,0.429,0.429,0.5,0.5,1,0.5,0.5,1,0,0.3,0.2,0.3,1.7,1.5,1996-97,FALSE
411,David Wesley,PG,26,BOS,74,73,40.4,6.2,13.2,0.468,1.4,3.9,0.36,4.8,9.3,0.513,0.521,3,3.9,0.781,0.9,2.7,3.6,7.3,2.2,0.2,2.9,3,16.8,1996-97,FALSE
412,Doug West,SG,29,MIN,68,66,28.2,3.3,7.1,0.467,0.2,0.7,0.333,3.1,6.5,0.481,0.482,0.9,1.4,0.681,0.5,1.6,2.2,1.7,0.9,0.4,1,3.2,7.8,1996-97,FALSE
413,Mark West,C,36,CLE,70,43,13.7,1.4,2.6,0.556,0,0,,1.4,2.6,0.556,0.556,0.4,0.8,0.482,1,1.7,2.7,0.3,0.2,0.8,0.7,2,3.2,1996-97,FALSE
414,Ennis Whatley,PG,34,POR,3,0,7.3,0.7,1.3,0.5,0,0,,0.7,1.3,0.5,0.5,0,0,,0,1,1,1,0,0,0.3,1.7,1.3,1996-97,FALSE
415,Donald Whiteside,PG,27,TOR,27,1,9.6,0.7,2,0.327,0.4,1.3,0.333,0.2,0.7,0.316,0.436,0.4,0.6,0.733,0.1,0.4,0.4,1.3,0.4,0,0.6,0.9,2.2,1996-97,FALSE
416,Chris Whitney,PG,25,WSB,82,1,13.6,1.7,4,0.421,0.7,2,0.356,1,2,0.485,0.509,1.1,1.4,0.832,0.2,1.1,1.3,2.2,0.6,0,0.8,1.2,5.2,1996-97,FALSE
417,Dominique Wilkins*,SF,37,SAS,63,26,30.9,6.3,15.1,0.417,1.1,3.8,0.293,5.2,11.3,0.458,0.453,4.5,5.6,0.803,2.7,3.7,6.4,1.9,0.6,0.5,2.1,1.6,18.2,1996-97,FALSE
418,Gerald Wilkins,SG,33,ORL,80,26,27.5,4,9.5,0.426,0.8,2.5,0.325,3.2,7,0.462,0.469,1.7,2.4,0.716,0.7,1.4,2.2,2.2,0.7,0.2,1.5,1.8,10.6,1996-97,FALSE
419,Aaron Williams,PF-C,25,TOT,33,1,17.1,2.6,4.5,0.574,0,0,0,2.6,4.5,0.578,0.574,1,1.5,0.673,1.9,2.5,4.3,0.5,0.5,0.9,1,2.2,6.2,1996-97,FALSE
419,Aaron Williams,C,25,DEN,1,0,10,3,5,0.6,0,0,,3,5,0.6,0.6,0,0,,2,3,5,0,0,3,4,0,6,1996-97,FALSE
419,Aaron Williams,PF,25,VAN,32,1,17.3,2.6,4.5,0.573,0,0,0,2.6,4.4,0.577,0.573,1,1.5,0.673,1.9,2.4,4.3,0.5,0.5,0.8,0.9,2.3,6.2,1996-97,FALSE
420,Buck Williams,PF,36,NYK,74,4,20.2,2.4,4.4,0.537,0,0,0,2.4,4.4,0.538,0.537,1.6,2.4,0.642,2.2,3.1,5.4,0.7,0.5,0.5,1.1,2.8,6.3,1996-97,FALSE
421,Eric Williams,SG,24,BOS,72,67,33.8,5.2,11.4,0.456,0,0.1,0.25,5.2,11.3,0.458,0.457,4.6,6.1,0.752,1.8,2.8,4.6,1.8,1,0.2,1.9,3,15,1996-97,FALSE
422,Herb Williams,PF,38,NYK,21,2,8.8,0.9,2.2,0.391,0,0,0,0.9,2.1,0.4,0.391,0.1,0.2,0.75,0.4,1,1.5,0.2,0.2,0.2,0.2,0.9,1.9,1996-97,FALSE
423,Hot Rod Williams,C,34,PHO,68,66,31.4,3,6.1,0.49,0,0,0,3,6.1,0.493,0.49,2,2.9,0.672,2.6,5.6,8.3,1.5,1,1.3,1,2.6,8,1996-97,FALSE
424,Jayson Williams,PF,28,NJN,41,40,34.9,5.4,13.2,0.409,0,0.1,0,5.4,13.1,0.412,0.409,2.6,4.5,0.59,5.9,7.6,13.5,1.2,0.6,0.9,2,3.9,13.4,1996-97,FALSE
425,Jerome Williams,PF,23,DET,33,0,5.4,0.6,1.5,0.392,0,0,,0.6,1.5,0.392,0.392,0.3,0.5,0.529,0.7,0.8,1.5,0.2,0.4,0,0.4,0.5,1.5,1996-97,FALSE
426,Lorenzo Williams,C,27,WSB,19,0,13.9,1.1,1.6,0.645,0,0,,1.1,1.6,0.645,0.645,0.3,0.4,0.714,1.5,2.2,3.6,0.2,0.3,0.4,0.9,2.6,2.4,1996-97,FALSE
427,Monty Williams,SF,25,SAS,65,26,20.7,3.6,7.1,0.509,0,0,0,3.6,7.1,0.51,0.509,1.8,2.9,0.645,1.5,1.7,3.2,1.4,0.8,0.8,1.8,2.5,9,1996-97,FALSE
428,Reggie Williams,SF,32,TOT,13,0,15.4,2.2,5.8,0.382,0.7,2.6,0.265,1.5,3.2,0.476,0.441,0.7,0.9,0.75,0.4,2,2.4,0.8,0.6,0.3,0.9,2.5,5.8,1996-97,FALSE
428,Reggie Williams,SF,32,IND,2,0,16.5,1,4.5,0.222,0,0.5,0,1,4,0.25,0.222,0.5,1,0.5,0.5,3,3.5,1,0,0,1,2.5,2.5,1996-97,FALSE
428,Reggie Williams,SF,32,NJN,11,0,15.2,2.5,6.1,0.403,0.8,3,0.273,1.6,3.1,0.529,0.47,0.7,0.9,0.8,0.4,1.8,2.2,0.7,0.7,0.4,0.9,2.5,6.5,1996-97,FALSE
429,Scott Williams,C,28,PHI,62,52,21.2,2.6,5.1,0.509,0,0,0,2.6,5.1,0.513,0.509,0.6,0.9,0.691,2.5,3.9,6.4,0.7,0.7,0.7,0.8,3.3,5.8,1996-97,FALSE
430,Walt Williams,SF,26,TOR,73,73,36.3,5.7,13.5,0.427,2.4,6,0.4,3.3,7.5,0.448,0.516,2.5,3.3,0.765,1.4,3.6,5,2.7,1.3,0.8,2.4,3.9,16.4,1996-97,FALSE
431,Corliss Williamson,SF,23,SAC,79,31,25.2,4.7,9.4,0.498,0,0,0,4.7,9.4,0.5,0.498,2.2,3.2,0.689,1.8,2.4,4.1,1.6,0.8,0.6,2,3.3,11.6,1996-97,FALSE
432,Kevin Willis,PF,34,HOU,75,32,26.2,4.7,9.7,0.481,0,0.2,0.143,4.6,9.5,0.487,0.482,1.9,2.7,0.693,1.9,5.5,7.5,0.9,0.6,0.4,1.6,2.9,11.2,1996-97,FALSE
433,David Wingate,SG,33,SEA,65,2,14.3,1.4,3.3,0.416,0.4,1.1,0.352,1,2.2,0.448,0.474,0.5,0.6,0.825,0.4,0.8,1.1,1.2,0.7,0.1,0.6,1.7,3.6,1996-97,FALSE
434,Dontonio Wingfield,SF,22,POR,47,0,12.1,1.7,4.1,0.409,0.6,1.6,0.338,1.1,2.5,0.457,0.477,0.6,0.9,0.675,1.3,1.6,2.9,1,0.3,0.1,1,2.1,4.5,1996-97,FALSE
435,Joe Wolf,C,32,MIL,56,7,9.4,0.7,1.6,0.449,0,0.1,0.143,0.7,1.5,0.476,0.455,0.3,0.3,0.737,0.6,1.4,2,0.4,0.3,0.2,0.3,1.9,1.7,1996-97,FALSE
436,David Wood,PF,32,MIL,46,0,5.2,0.4,0.8,0.526,0.1,0.3,0.333,0.3,0.5,0.652,0.592,0.3,0.4,0.667,0.1,0.5,0.6,0.3,0.2,0.1,0.1,0.8,1.2,1996-97,FALSE
437,Haywoode Workman,PG,31,IND,4,2,20.3,2.8,5,0.55,0,0.8,0,2.8,4.3,0.647,0.55,0,0.3,0,1,0.8,1.8,2.8,0.8,0,1.3,2.5,5.5,1996-97,FALSE
438,Lorenzen Wright,C,21,LAC,77,51,25.1,3.1,6.4,0.481,0,0.1,0.25,3.1,6.3,0.483,0.482,1.1,1.9,0.587,2.7,3.4,6.1,0.6,0.6,0.8,1,2.7,7.3,1996-97,FALSE
439,Sharone Wright,C,24,TOR,60,28,16.8,2.7,6.7,0.4,0,0,0,2.7,6.7,0.4,0.4,1.1,2.2,0.511,1.3,1.8,3.1,0.5,0.3,0.8,1.6,2.4,6.5,1996-97,FALSE
440,George ZÃ­dek,C,23,TOT,52,2,7.2,0.9,2.3,0.415,0,0,0,0.9,2.2,0.422,0.415,0.9,1.1,0.789,0.7,1,1.7,0.3,0.1,0.1,0.5,1.2,2.8,1996-97,FALSE
440,George ZÃ­dek,C,23,CHH,36,2,8,0.9,2.4,0.388,0,0.1,0,0.9,2.3,0.398,0.388,0.7,0.9,0.781,0.7,1.1,1.8,0.3,0.1,0.1,0.6,1.2,2.5,1996-97,FALSE
440,George ZÃ­dek,C,23,DEN,16,0,5.5,1,2.1,0.485,0,0,,1,2.1,0.485,0.485,1.3,1.6,0.8,0.6,0.8,1.4,0.3,0.1,0,0.3,1.1,3.3,1996-97,FALSE
441,Aleksandar Djordjevic,SG,29,POR,8,0,7.6,1,2,0.5,0.6,0.9,0.714,0.4,1.1,0.333,0.656,0.5,0.6,0.8,0.1,0.5,0.6,0.6,0,0,0.6,0.4,3.1,1996-97,FALSE
